This is pdfTeX, Version 3.141592653-2.6-1.40.25 (TeX Live 2023/Debian) (preloaded format=pdflatex 2025.4.8)  24 JUL 2025 11:45
entering extended mode
 restricted \write18 enabled.
 file:line:error style messages enabled.
 %&-line parsing enabled.
**/home/clementt/Documents/internshipReport/rapport_stage.tex
(/home/clementt/Documents/internshipReport/rapport_stage.tex
LaTeX2e <2023-11-01> patch level 1
L3 programming layer <2024-01-22>
(/usr/share/texlive/texmf-dist/tex/latex/base/report.cls
Document Class: report 2023/05/17 v1.4n Standard LaTeX document class
(/usr/share/texlive/texmf-dist/tex/latex/base/size11.clo
File: size11.clo 2023/05/17 v1.4n Standard LaTeX file (size option)
)
\c@part=\count187
\c@chapter=\count188
\c@section=\count189
\c@subsection=\count190
\c@subsubsection=\count191
\c@paragraph=\count192
\c@subparagraph=\count193
\c@figure=\count194
\c@table=\count195
\abovecaptionskip=\skip48
\belowcaptionskip=\skip49
\bibindent=\dimen140
) (/usr/share/texlive/texmf-dist/tex/latex/base/inputenc.sty
Package: inputenc 2021/02/14 v1.3d Input encoding file
\inpenc@prehook=\toks17
\inpenc@posthook=\toks18
) (/usr/share/texlive/texmf-dist/tex/latex/url/url.sty
\Urlmuskip=\muskip16
Package: url 2013/09/16  ver 3.4  Verb mode for urls, etc.
) (/usr/share/texlive/texmf-dist/tex/latex/hyperref/hyperref.sty
Package: hyperref 2024-01-20 v7.01h Hypertext links for LaTeX
 (/usr/share/texlive/texmf-dist/tex/generic/iftex/iftex.sty
Package: iftex 2022/02/03 v1.0f TeX engine tests
) (/usr/share/texlive/texmf-dist/tex/latex/graphics/keyval.sty
Package: keyval 2022/05/29 v1.15 key=value parser (DPC)
\KV@toks@=\toks19
) (/usr/share/texlive/texmf-dist/tex/latex/kvsetkeys/kvsetkeys.sty
Package: kvsetkeys 2022-10-05 v1.19 Key value parser (HO)
) (/usr/share/texlive/texmf-dist/tex/generic/kvdefinekeys/kvdefinekeys.sty
Package: kvdefinekeys 2019-12-19 v1.6 Define keys (HO)
) (/usr/share/texlive/texmf-dist/tex/generic/pdfescape/pdfescape.sty
Package: pdfescape 2019/12/09 v1.15 Implements pdfTeX's escape features (HO)
 (/usr/share/texlive/texmf-dist/tex/generic/ltxcmds/ltxcmds.sty
Package: ltxcmds 2023-12-04 v1.26 LaTeX kernel commands for general use (HO)
) (/usr/share/texlive/texmf-dist/tex/generic/pdftexcmds/pdftexcmds.sty
Package: pdftexcmds 2020-06-27 v0.33 Utility functions of pdfTeX for LuaTeX (HO)
 (/usr/share/texlive/texmf-dist/tex/generic/infwarerr/infwarerr.sty
Package: infwarerr 2019/12/03 v1.5 Providing info/warning/error messages (HO)
)
Package pdftexcmds Info: \pdf@primitive is available.
Package pdftexcmds Info: \pdf@ifprimitive is available.
Package pdftexcmds Info: \pdfdraftmode found.
)) (/usr/share/texlive/texmf-dist/tex/latex/hycolor/hycolor.sty
Package: hycolor 2020-01-27 v1.10 Color options for hyperref/bookmark (HO)
) (/usr/share/texlive/texmf-dist/tex/latex/auxhook/auxhook.sty
Package: auxhook 2019-12-17 v1.6 Hooks for auxiliary files (HO)
) (/usr/share/texlive/texmf-dist/tex/latex/hyperref/nameref.sty
Package: nameref 2023-11-26 v2.56 Cross-referencing by name of section
 (/usr/share/texlive/texmf-dist/tex/latex/refcount/refcount.sty
Package: refcount 2019/12/15 v3.6 Data extraction from label references (HO)
) (/usr/share/texlive/texmf-dist/tex/generic/gettitlestring/gettitlestring.sty
Package: gettitlestring 2019/12/15 v1.6 Cleanup title references (HO)
 (/usr/share/texlive/texmf-dist/tex/latex/kvoptions/kvoptions.sty
Package: kvoptions 2022-06-15 v3.15 Key value format for package options (HO)
))
\c@section@level=\count196
) (/usr/share/texlive/texmf-dist/tex/latex/etoolbox/etoolbox.sty
Package: etoolbox 2020/10/05 v2.5k e-TeX tools for LaTeX (JAW)
\etb@tempcnta=\count197
)
\@linkdim=\dimen141
\Hy@linkcounter=\count198
\Hy@pagecounter=\count199
 (/usr/share/texlive/texmf-dist/tex/latex/hyperref/pd1enc.def
File: pd1enc.def 2024-01-20 v7.01h Hyperref: PDFDocEncoding definition (HO)
Now handling font encoding PD1 ...
... no UTF-8 mapping file for font encoding PD1
) (/usr/share/texlive/texmf-dist/tex/generic/intcalc/intcalc.sty
Package: intcalc 2019/12/15 v1.3 Expandable calculations with integers (HO)
)
\Hy@SavedSpaceFactor=\count266
 (/usr/share/texlive/texmf-dist/tex/latex/hyperref/puenc.def
File: puenc.def 2024-01-20 v7.01h Hyperref: PDF Unicode definition (HO)
Now handling font encoding PU ...
... no UTF-8 mapping file for font encoding PU
)
Package hyperref Info: Option `breaklinks' set `true' on input line 4062.
Package hyperref Info: Hyper figures OFF on input line 4179.
Package hyperref Info: Link nesting OFF on input line 4184.
Package hyperref Info: Hyper index ON on input line 4187.
Package hyperref Info: Plain pages OFF on input line 4194.
Package hyperref Info: Backreferencing OFF on input line 4199.
Package hyperref Info: Implicit mode ON; LaTeX internals redefined.
Package hyperref Info: Bookmarks ON on input line 4446.
\c@Hy@tempcnt=\count267
LaTeX Info: Redefining \url on input line 4784.
\XeTeXLinkMargin=\dimen142
 (/usr/share/texlive/texmf-dist/tex/generic/bitset/bitset.sty
Package: bitset 2019/12/09 v1.3 Handle bit-vector datatype (HO)
 (/usr/share/texlive/texmf-dist/tex/generic/bigintcalc/bigintcalc.sty
Package: bigintcalc 2019/12/15 v1.5 Expandable calculations on big integers (HO)
))
\Fld@menulength=\count268
\Field@Width=\dimen143
\Fld@charsize=\dimen144
Package hyperref Info: Hyper figures OFF on input line 6063.
Package hyperref Info: Link nesting OFF on input line 6068.
Package hyperref Info: Hyper index ON on input line 6071.
Package hyperref Info: backreferencing OFF on input line 6078.
Package hyperref Info: Link coloring OFF on input line 6083.
Package hyperref Info: Link coloring with OCG OFF on input line 6088.
Package hyperref Info: PDF/A mode OFF on input line 6093.
 (/usr/share/texlive/texmf-dist/tex/latex/base/atbegshi-ltx.sty
Package: atbegshi-ltx 2021/01/10 v1.0c Emulation of the original atbegshi
package with kernel methods
)
\Hy@abspage=\count269
\c@Item=\count270
\c@Hfootnote=\count271
)
Package hyperref Info: Driver (autodetected): hpdftex.
 (/usr/share/texlive/texmf-dist/tex/latex/hyperref/hpdftex.def
File: hpdftex.def 2024-01-20 v7.01h Hyperref driver for pdfTeX
 (/usr/share/texlive/texmf-dist/tex/latex/base/atveryend-ltx.sty
Package: atveryend-ltx 2020/08/19 v1.0a Emulation of the original atveryend package
with kernel methods
)
\Fld@listcount=\count272
\c@bookmark@seq@number=\count273
 (/usr/share/texlive/texmf-dist/tex/latex/rerunfilecheck/rerunfilecheck.sty
Package: rerunfilecheck 2022-07-10 v1.10 Rerun checks for auxiliary files (HO)
 (/usr/share/texlive/texmf-dist/tex/generic/uniquecounter/uniquecounter.sty
Package: uniquecounter 2019/12/15 v1.4 Provide unlimited unique counter (HO)
)
Package uniquecounter Info: New unique counter `rerunfilecheck' on input line 285.
)
\Hy@SectionHShift=\skip50
) (/usr/share/texlive/texmf-dist/tex/latex/tablefootnote/tablefootnote.sty
Package: tablefootnote 2014/01/26 v1.1c Table foot notes (HMM)
 (/usr/share/texlive/texmf-dist/tex/latex/letltxmacro/letltxmacro.sty
Package: letltxmacro 2019/12/03 v1.6 Let assignment for LaTeX macros (HO)
) (/usr/share/texlive/texmf-dist/tex/latex/xifthen/xifthen.sty
Package: xifthen 2015/11/05 v1.4.0 Extended ifthen features
 (/usr/share/texlive/texmf-dist/tex/latex/tools/calc.sty
Package: calc 2023/07/08 v4.3 Infix arithmetic (KKT,FJ)
\calc@Acount=\count274
\calc@Bcount=\count275
\calc@Adimen=\dimen145
\calc@Bdimen=\dimen146
\calc@Askip=\skip51
\calc@Bskip=\skip52
LaTeX Info: Redefining \setlength on input line 80.
LaTeX Info: Redefining \addtolength on input line 81.
\calc@Ccount=\count276
\calc@Cskip=\skip53
) (/usr/share/texlive/texmf-dist/tex/latex/base/ifthen.sty
Package: ifthen 2022/04/13 v1.1d Standard LaTeX ifthen package (DPC)
) (/usr/share/texlive/texmf-dist/tex/latex/ifmtarg/ifmtarg.sty
Package: ifmtarg 2018/04/16 v1.2b check for an empty argument
))) (/usr/share/texlive/texmf-dist/tex/latex/cancel/cancel.sty
Package: cancel 2013/04/12 v2.2 Cancel math terms
) (/usr/share/texlive/texmf-dist/tex/latex/tools/multicol.sty
Package: multicol 2023/03/30 v1.9f multicolumn formatting (FMi)
\c@tracingmulticols=\count277
\mult@box=\box51
\multicol@leftmargin=\dimen147
\c@unbalance=\count278
\c@collectmore=\count279
\doublecol@number=\count280
\multicoltolerance=\count281
\multicolpretolerance=\count282
\full@width=\dimen148
\page@free=\dimen149
\premulticols=\dimen150
\postmulticols=\dimen151
\multicolsep=\skip54
\multicolbaselineskip=\skip55
\partial@page=\box52
\last@line=\box53
\mc@boxedresult=\box54
\maxbalancingoverflow=\dimen152
\mult@rightbox=\box55
\mult@grightbox=\box56
\mult@firstbox=\box57
\mult@gfirstbox=\box58
\@tempa=\box59
\@tempa=\box60
\@tempa=\box61
\@tempa=\box62
\@tempa=\box63
\@tempa=\box64
\@tempa=\box65
\@tempa=\box66
\@tempa=\box67
\@tempa=\box68
\@tempa=\box69
\@tempa=\box70
\@tempa=\box71
\@tempa=\box72
\@tempa=\box73
\@tempa=\box74
\@tempa=\box75
\@tempa=\box76
\@tempa=\box77
\@tempa=\box78
\@tempa=\box79
\@tempa=\box80
\@tempa=\box81
\@tempa=\box82
\@tempa=\box83
\@tempa=\box84
\@tempa=\box85
\@tempa=\box86
\@tempa=\box87
\@tempa=\box88
\@tempa=\box89
\@tempa=\box90
\@tempa=\box91
\@tempa=\box92
\@tempa=\box93
\@tempa=\box94
\c@minrows=\count283
\c@columnbadness=\count284
\c@finalcolumnbadness=\count285
\last@try=\dimen153
\multicolovershoot=\dimen154
\multicolundershoot=\dimen155
\mult@nat@firstbox=\box95
\colbreak@box=\box96
\mc@col@check@num=\count286
) (/usr/share/texlive/texmf-dist/tex/latex/base/fontenc.sty
Package: fontenc 2021/04/29 v2.0v Standard LaTeX package
) (/usr/share/texlive/texmf-dist/tex/latex/geometry/geometry.sty
Package: geometry 2020/01/02 v5.9 Page Geometry
 (/usr/share/texlive/texmf-dist/tex/generic/iftex/ifvtex.sty
Package: ifvtex 2019/10/25 v1.7 ifvtex legacy package. Use iftex instead.
)
\Gm@cnth=\count287
\Gm@cntv=\count288
\c@Gm@tempcnt=\count289
\Gm@bindingoffset=\dimen156
\Gm@wd@mp=\dimen157
\Gm@odd@mp=\dimen158
\Gm@even@mp=\dimen159
\Gm@layoutwidth=\dimen160
\Gm@layoutheight=\dimen161
\Gm@layouthoffset=\dimen162
\Gm@layoutvoffset=\dimen163
\Gm@dimlist=\toks20
) (/usr/share/texlive/texmf-dist/tex/latex/amsmath/amsmath.sty
Package: amsmath 2023/05/13 v2.17o AMS math features
\@mathmargin=\skip56

For additional information on amsmath, use the `?' option.
(/usr/share/texlive/texmf-dist/tex/latex/amsmath/amstext.sty
Package: amstext 2021/08/26 v2.01 AMS text
 (/usr/share/texlive/texmf-dist/tex/latex/amsmath/amsgen.sty
File: amsgen.sty 1999/11/30 v2.0 generic functions
\@emptytoks=\toks21
\ex@=\dimen164
)) (/usr/share/texlive/texmf-dist/tex/latex/amsmath/amsbsy.sty
Package: amsbsy 1999/11/29 v1.2d Bold Symbols
\pmbraise@=\dimen165
) (/usr/share/texlive/texmf-dist/tex/latex/amsmath/amsopn.sty
Package: amsopn 2022/04/08 v2.04 operator names
)
\inf@bad=\count290
LaTeX Info: Redefining \frac on input line 234.
\uproot@=\count291
\leftroot@=\count292
LaTeX Info: Redefining \overline on input line 399.
LaTeX Info: Redefining \colon on input line 410.
\classnum@=\count293
\DOTSCASE@=\count294
LaTeX Info: Redefining \ldots on input line 496.
LaTeX Info: Redefining \dots on input line 499.
LaTeX Info: Redefining \cdots on input line 620.
\Mathstrutbox@=\box97
\strutbox@=\box98
LaTeX Info: Redefining \big on input line 722.
LaTeX Info: Redefining \Big on input line 723.
LaTeX Info: Redefining \bigg on input line 724.
LaTeX Info: Redefining \Bigg on input line 725.
\big@size=\dimen166
LaTeX Font Info:    Redeclaring font encoding OML on input line 743.
LaTeX Font Info:    Redeclaring font encoding OMS on input line 744.
\macc@depth=\count295
LaTeX Info: Redefining \bmod on input line 905.
LaTeX Info: Redefining \pmod on input line 910.
LaTeX Info: Redefining \smash on input line 940.
LaTeX Info: Redefining \relbar on input line 970.
LaTeX Info: Redefining \Relbar on input line 971.
\c@MaxMatrixCols=\count296
\dotsspace@=\muskip17
\c@parentequation=\count297
\dspbrk@lvl=\count298
\tag@help=\toks22
\row@=\count299
\column@=\count300
\maxfields@=\count301
\andhelp@=\toks23
\eqnshift@=\dimen167
\alignsep@=\dimen168
\tagshift@=\dimen169
\tagwidth@=\dimen170
\totwidth@=\dimen171
\lineht@=\dimen172
\@envbody=\toks24
\multlinegap=\skip57
\multlinetaggap=\skip58
\mathdisplay@stack=\toks25
LaTeX Info: Redefining \[ on input line 2953.
LaTeX Info: Redefining \] on input line 2954.
) (/usr/share/texlive/texmf-dist/tex/latex/amsfonts/amsfonts.sty
Package: amsfonts 2013/01/14 v3.01 Basic AMSFonts support
\symAMSa=\mathgroup4
\symAMSb=\mathgroup5
LaTeX Font Info:    Redeclaring math symbol \hbar on input line 98.
LaTeX Font Info:    Overwriting math alphabet `\mathfrak' in version `bold'
(Font)                  U/euf/m/n --> U/euf/b/n on input line 106.
) (/usr/share/texlive/texmf-dist/tex/latex/amsfonts/amssymb.sty
Package: amssymb 2013/01/14 v3.01 AMS font symbols
) (/usr/share/texlive/texmf-dist/tex/latex/graphics/graphicx.sty
Package: graphicx 2021/09/16 v1.2d Enhanced LaTeX Graphics (DPC,SPQR)
 (/usr/share/texlive/texmf-dist/tex/latex/graphics/graphics.sty
Package: graphics 2022/03/10 v1.4e Standard LaTeX Graphics (DPC,SPQR)
 (/usr/share/texlive/texmf-dist/tex/latex/graphics/trig.sty
Package: trig 2021/08/11 v1.11 sin cos tan (DPC)
) (/usr/share/texlive/texmf-dist/tex/latex/graphics-cfg/graphics.cfg
File: graphics.cfg 2016/06/04 v1.11 sample graphics configuration
)
Package graphics Info: Driver file: pdftex.def on input line 107.
 (/usr/share/texlive/texmf-dist/tex/latex/graphics-def/pdftex.def
File: pdftex.def 2022/09/22 v1.2b Graphics/color driver for pdftex
))
\Gin@req@height=\dimen173
\Gin@req@width=\dimen174
) (/usr/share/texlive/texmf-dist/tex/latex/caption/subcaption.sty
Package: subcaption 2023/07/28 v1.6b Sub-captions (AR)
 (/usr/share/texlive/texmf-dist/tex/latex/caption/caption.sty
Package: caption 2023/08/05 v3.6o Customizing captions (AR)
 (/usr/share/texlive/texmf-dist/tex/latex/caption/caption3.sty
Package: caption3 2023/07/31 v2.4d caption3 kernel (AR)
\caption@tempdima=\dimen175
\captionmargin=\dimen176
\caption@leftmargin=\dimen177
\caption@rightmargin=\dimen178
\caption@width=\dimen179
\caption@indent=\dimen180
\caption@parindent=\dimen181
\caption@hangindent=\dimen182
Package caption Info: Standard document class detected.
)
\c@caption@flags=\count302
\c@continuedfloat=\count303
Package caption Info: hyperref package is loaded.
)
Package caption Info: New subtype `subfigure' on input line 238.
\c@subfigure=\count304
Package caption Info: New subtype `subtable' on input line 238.
\c@subtable=\count305
) (/usr/share/texlive/texmf-dist/tex/latex/inconsolata/inconsolata.sty
Package: inconsolata 2019/05/17 v1.12
 `inconsolata-zi4' v1.12, 2019/05/17 Text macros for Inconsolata (msharpe) (/usr/share/texlive/texmf-dist/tex/latex/base/textcomp.sty
Package: textcomp 2020/02/02 v2.0n Standard LaTeX package
) (/usr/share/texlive/texmf-dist/tex/latex/xkeyval/xkeyval.sty
Package: xkeyval 2022/06/16 v2.9 package option processing (HA)
 (/usr/share/texlive/texmf-dist/tex/generic/xkeyval/xkeyval.tex (/usr/share/texlive/texmf-dist/tex/generic/xkeyval/xkvutils.tex
\XKV@toks=\toks26
\XKV@tempa@toks=\toks27
)
\XKV@depth=\count306
File: xkeyval.tex 2014/12/03 v2.7a key=value parser (HA)
))
\zifour@ocount=\count307
) (/usr/share/texlive/texmf-dist/tex/latex/tools/array.sty
Package: array 2023/10/16 v2.5g Tabular extension package (FMi)
\col@sep=\dimen183
\ar@mcellbox=\box99
\extrarowheight=\dimen184
\NC@list=\toks28
\extratabsurround=\skip59
\backup@length=\skip60
\ar@cellbox=\box100
) (/usr/share/texlive/texmf-dist/tex/latex/graphics/color.sty
Package: color 2022/01/06 v1.3d Standard LaTeX Color (DPC)
 (/usr/share/texlive/texmf-dist/tex/latex/graphics-cfg/color.cfg
File: color.cfg 2016/01/02 v1.6 sample color configuration
)
Package color Info: Driver file: pdftex.def on input line 149.
 (/usr/share/texlive/texmf-dist/tex/latex/graphics/mathcolor.ltx)) (/usr/share/texlive/texmf-dist/tex/latex/tcolorbox/tcolorbox.sty
Package: tcolorbox 2024/01/10 version 6.2.0 text color boxes
 (/usr/share/texlive/texmf-dist/tex/latex/pgf/basiclayer/pgf.sty (/usr/share/texlive/texmf-dist/tex/latex/pgf/utilities/pgfrcs.sty (/usr/share/texlive/texmf-dist/tex/generic/pgf/utilities/pgfutil-common.tex
\pgfutil@everybye=\toks29
\pgfutil@tempdima=\dimen185
\pgfutil@tempdimb=\dimen186
) (/usr/share/texlive/texmf-dist/tex/generic/pgf/utilities/pgfutil-latex.def
\pgfutil@abb=\box101
) (/usr/share/texlive/texmf-dist/tex/generic/pgf/utilities/pgfrcs.code.tex (/usr/share/texlive/texmf-dist/tex/generic/pgf/pgf.revision.tex)
Package: pgfrcs 2023-01-15 v3.1.10 (3.1.10)
))
Package: pgf 2023-01-15 v3.1.10 (3.1.10)
 (/usr/share/texlive/texmf-dist/tex/latex/pgf/basiclayer/pgfcore.sty (/usr/share/texlive/texmf-dist/tex/latex/pgf/systemlayer/pgfsys.sty (/usr/share/texlive/texmf-dist/tex/generic/pgf/systemlayer/pgfsys.code.tex
Package: pgfsys 2023-01-15 v3.1.10 (3.1.10)
 (/usr/share/texlive/texmf-dist/tex/generic/pgf/utilities/pgfkeys.code.tex
\pgfkeys@pathtoks=\toks30
\pgfkeys@temptoks=\toks31
 (/usr/share/texlive/texmf-dist/tex/generic/pgf/utilities/pgfkeyslibraryfiltered.code.tex
\pgfkeys@tmptoks=\toks32
))
\pgf@x=\dimen187
\pgf@y=\dimen188
\pgf@xa=\dimen189
\pgf@ya=\dimen190
\pgf@xb=\dimen191
\pgf@yb=\dimen192
\pgf@xc=\dimen193
\pgf@yc=\dimen194
\pgf@xd=\dimen195
\pgf@yd=\dimen196
\w@pgf@writea=\write3
\r@pgf@reada=\read2
\c@pgf@counta=\count308
\c@pgf@countb=\count309
\c@pgf@countc=\count310
\c@pgf@countd=\count311
\t@pgf@toka=\toks33
\t@pgf@tokb=\toks34
\t@pgf@tokc=\toks35
\pgf@sys@id@count=\count312
 (/usr/share/texlive/texmf-dist/tex/generic/pgf/systemlayer/pgf.cfg
File: pgf.cfg 2023-01-15 v3.1.10 (3.1.10)
)
Driver file for pgf: pgfsys-pdftex.def
 (/usr/share/texlive/texmf-dist/tex/generic/pgf/systemlayer/pgfsys-pdftex.def
File: pgfsys-pdftex.def 2023-01-15 v3.1.10 (3.1.10)
 (/usr/share/texlive/texmf-dist/tex/generic/pgf/systemlayer/pgfsys-common-pdf.def
File: pgfsys-common-pdf.def 2023-01-15 v3.1.10 (3.1.10)
))) (/usr/share/texlive/texmf-dist/tex/generic/pgf/systemlayer/pgfsyssoftpath.code.tex
File: pgfsyssoftpath.code.tex 2023-01-15 v3.1.10 (3.1.10)
\pgfsyssoftpath@smallbuffer@items=\count313
\pgfsyssoftpath@bigbuffer@items=\count314
) (/usr/share/texlive/texmf-dist/tex/generic/pgf/systemlayer/pgfsysprotocol.code.tex
File: pgfsysprotocol.code.tex 2023-01-15 v3.1.10 (3.1.10)
)) (/usr/share/texlive/texmf-dist/tex/latex/xcolor/xcolor.sty
Package: xcolor 2023/11/15 v3.01 LaTeX color extensions (UK)
 (/usr/share/texlive/texmf-dist/tex/latex/graphics-cfg/color.cfg
File: color.cfg 2016/01/02 v1.6 sample color configuration
)
Package xcolor Info: Driver file: pdftex.def on input line 274.
LaTeX Info: Redefining \color on input line 758.
 (/usr/share/texlive/texmf-dist/tex/latex/graphics/mathcolor.ltx)
Package xcolor Info: Model `cmy' substituted by `cmy0' on input line 1350.
Package xcolor Info: Model `hsb' substituted by `rgb' on input line 1354.
Package xcolor Info: Model `RGB' extended on input line 1366.
Package xcolor Info: Model `HTML' substituted by `rgb' on input line 1368.
Package xcolor Info: Model `Hsb' substituted by `hsb' on input line 1369.
Package xcolor Info: Model `tHsb' substituted by `hsb' on input line 1370.
Package xcolor Info: Model `HSB' substituted by `hsb' on input line 1371.
Package xcolor Info: Model `Gray' substituted by `gray' on input line 1372.
Package xcolor Info: Model `wave' substituted by `hsb' on input line 1373.
) (/usr/share/texlive/texmf-dist/tex/generic/pgf/basiclayer/pgfcore.code.tex
Package: pgfcore 2023-01-15 v3.1.10 (3.1.10)
 (/usr/share/texlive/texmf-dist/tex/generic/pgf/math/pgfmath.code.tex (/usr/share/texlive/texmf-dist/tex/generic/pgf/math/pgfmathutil.code.tex) (/usr/share/texlive/texmf-dist/tex/generic/pgf/math/pgfmathparser.code.tex
\pgfmath@dimen=\dimen197
\pgfmath@count=\count315
\pgfmath@box=\box102
\pgfmath@toks=\toks36
\pgfmath@stack@operand=\toks37
\pgfmath@stack@operation=\toks38
) (/usr/share/texlive/texmf-dist/tex/generic/pgf/math/pgfmathfunctions.code.tex) (/usr/share/texlive/texmf-dist/tex/generic/pgf/math/pgfmathfunctions.basic.code.tex) (/usr/share/texlive/texmf-dist/tex/generic/pgf/math/pgfmathfunctions.trigonometric.code.tex) (/usr/share/texlive/texmf-dist/tex/generic/pgf/math/pgfmathfunctions.random.code.tex) (/usr/share/texlive/texmf-dist/tex/generic/pgf/math/pgfmathfunctions.comparison.code.tex) (/usr/share/texlive/texmf-dist/tex/generic/pgf/math/pgfmathfunctions.base.code.tex) (/usr/share/texlive/texmf-dist/tex/generic/pgf/math/pgfmathfunctions.round.code.tex) (/usr/share/texlive/texmf-dist/tex/generic/pgf/math/pgfmathfunctions.misc.code.tex) (/usr/share/texlive/texmf-dist/tex/generic/pgf/math/pgfmathfunctions.integerarithmetics.code.tex) (/usr/share/texlive/texmf-dist/tex/generic/pgf/math/pgfmathcalc.code.tex) (/usr/share/texlive/texmf-dist/tex/generic/pgf/math/pgfmathfloat.code.tex
\c@pgfmathroundto@lastzeros=\count316
)) (/usr/share/texlive/texmf-dist/tex/generic/pgf/math/pgfint.code.tex) (/usr/share/texlive/texmf-dist/tex/generic/pgf/basiclayer/pgfcorepoints.code.tex
File: pgfcorepoints.code.tex 2023-01-15 v3.1.10 (3.1.10)
\pgf@picminx=\dimen198
\pgf@picmaxx=\dimen199
\pgf@picminy=\dimen256
\pgf@picmaxy=\dimen257
\pgf@pathminx=\dimen258
\pgf@pathmaxx=\dimen259
\pgf@pathminy=\dimen260
\pgf@pathmaxy=\dimen261
\pgf@xx=\dimen262
\pgf@xy=\dimen263
\pgf@yx=\dimen264
\pgf@yy=\dimen265
\pgf@zx=\dimen266
\pgf@zy=\dimen267
) (/usr/share/texlive/texmf-dist/tex/generic/pgf/basiclayer/pgfcorepathconstruct.code.tex
File: pgfcorepathconstruct.code.tex 2023-01-15 v3.1.10 (3.1.10)
\pgf@path@lastx=\dimen268
\pgf@path@lasty=\dimen269
) (/usr/share/texlive/texmf-dist/tex/generic/pgf/basiclayer/pgfcorepathusage.code.tex
File: pgfcorepathusage.code.tex 2023-01-15 v3.1.10 (3.1.10)
\pgf@shorten@end@additional=\dimen270
\pgf@shorten@start@additional=\dimen271
) (/usr/share/texlive/texmf-dist/tex/generic/pgf/basiclayer/pgfcorescopes.code.tex
File: pgfcorescopes.code.tex 2023-01-15 v3.1.10 (3.1.10)
\pgfpic=\box103
\pgf@hbox=\box104
\pgf@layerbox@main=\box105
\pgf@picture@serial@count=\count317
) (/usr/share/texlive/texmf-dist/tex/generic/pgf/basiclayer/pgfcoregraphicstate.code.tex
File: pgfcoregraphicstate.code.tex 2023-01-15 v3.1.10 (3.1.10)
\pgflinewidth=\dimen272
) (/usr/share/texlive/texmf-dist/tex/generic/pgf/basiclayer/pgfcoretransformations.code.tex
File: pgfcoretransformations.code.tex 2023-01-15 v3.1.10 (3.1.10)
\pgf@pt@x=\dimen273
\pgf@pt@y=\dimen274
\pgf@pt@temp=\dimen275
) (/usr/share/texlive/texmf-dist/tex/generic/pgf/basiclayer/pgfcorequick.code.tex
File: pgfcorequick.code.tex 2023-01-15 v3.1.10 (3.1.10)
) (/usr/share/texlive/texmf-dist/tex/generic/pgf/basiclayer/pgfcoreobjects.code.tex
File: pgfcoreobjects.code.tex 2023-01-15 v3.1.10 (3.1.10)
) (/usr/share/texlive/texmf-dist/tex/generic/pgf/basiclayer/pgfcorepathprocessing.code.tex
File: pgfcorepathprocessing.code.tex 2023-01-15 v3.1.10 (3.1.10)
) (/usr/share/texlive/texmf-dist/tex/generic/pgf/basiclayer/pgfcorearrows.code.tex
File: pgfcorearrows.code.tex 2023-01-15 v3.1.10 (3.1.10)
\pgfarrowsep=\dimen276
) (/usr/share/texlive/texmf-dist/tex/generic/pgf/basiclayer/pgfcoreshade.code.tex
File: pgfcoreshade.code.tex 2023-01-15 v3.1.10 (3.1.10)
\pgf@max=\dimen277
\pgf@sys@shading@range@num=\count318
\pgf@shadingcount=\count319
) (/usr/share/texlive/texmf-dist/tex/generic/pgf/basiclayer/pgfcoreimage.code.tex
File: pgfcoreimage.code.tex 2023-01-15 v3.1.10 (3.1.10)
) (/usr/share/texlive/texmf-dist/tex/generic/pgf/basiclayer/pgfcoreexternal.code.tex
File: pgfcoreexternal.code.tex 2023-01-15 v3.1.10 (3.1.10)
\pgfexternal@startupbox=\box106
) (/usr/share/texlive/texmf-dist/tex/generic/pgf/basiclayer/pgfcorelayers.code.tex
File: pgfcorelayers.code.tex 2023-01-15 v3.1.10 (3.1.10)
) (/usr/share/texlive/texmf-dist/tex/generic/pgf/basiclayer/pgfcoretransparency.code.tex
File: pgfcoretransparency.code.tex 2023-01-15 v3.1.10 (3.1.10)
) (/usr/share/texlive/texmf-dist/tex/generic/pgf/basiclayer/pgfcorepatterns.code.tex
File: pgfcorepatterns.code.tex 2023-01-15 v3.1.10 (3.1.10)
) (/usr/share/texlive/texmf-dist/tex/generic/pgf/basiclayer/pgfcorerdf.code.tex
File: pgfcorerdf.code.tex 2023-01-15 v3.1.10 (3.1.10)
))) (/usr/share/texlive/texmf-dist/tex/generic/pgf/modules/pgfmoduleshapes.code.tex
File: pgfmoduleshapes.code.tex 2023-01-15 v3.1.10 (3.1.10)
\pgfnodeparttextbox=\box107
) (/usr/share/texlive/texmf-dist/tex/generic/pgf/modules/pgfmoduleplot.code.tex
File: pgfmoduleplot.code.tex 2023-01-15 v3.1.10 (3.1.10)
) (/usr/share/texlive/texmf-dist/tex/latex/pgf/compatibility/pgfcomp-version-0-65.sty
Package: pgfcomp-version-0-65 2023-01-15 v3.1.10 (3.1.10)
\pgf@nodesepstart=\dimen278
\pgf@nodesepend=\dimen279
) (/usr/share/texlive/texmf-dist/tex/latex/pgf/compatibility/pgfcomp-version-1-18.sty
Package: pgfcomp-version-1-18 2023-01-15 v3.1.10 (3.1.10)
)) (/usr/share/texlive/texmf-dist/tex/latex/tools/verbatim.sty
Package: verbatim 2023-11-06 v1.5v LaTeX2e package for verbatim enhancements
\every@verbatim=\toks39
\verbatim@line=\toks40
\verbatim@in@stream=\read3
) (/usr/share/texlive/texmf-dist/tex/latex/environ/environ.sty
Package: environ 2014/05/04 v0.3 A new way to define environments
 (/usr/share/texlive/texmf-dist/tex/latex/trimspaces/trimspaces.sty
Package: trimspaces 2009/09/17 v1.1 Trim spaces around a token list
))
\tcb@titlebox=\box108
\tcb@upperbox=\box109
\tcb@lowerbox=\box110
\tcb@phantombox=\box111
\c@tcbbreakpart=\count320
\c@tcblayer=\count321
\c@tcolorbox@number=\count322
\l__tcobox_tmpa_box=\box112
\l__tcobox_tmpa_dim=\dimen280
\tcb@temp=\box113
\tcb@temp=\box114
\tcb@temp=\box115
\tcb@temp=\box116
) (/usr/share/texlive/texmf-dist/tex/latex/fancyhdr/fancyhdr.sty
Package: fancyhdr 2022/11/09 v4.1 Extensive control of page headers and footers
\f@nch@headwidth=\skip61
\f@nch@O@elh=\skip62
\f@nch@O@erh=\skip63
\f@nch@O@olh=\skip64
\f@nch@O@orh=\skip65
\f@nch@O@elf=\skip66
\f@nch@O@erf=\skip67
\f@nch@O@olf=\skip68
\f@nch@O@orf=\skip69
) (/usr/share/texlive/texmf-dist/tex/latex/adjustbox/adjustbox.sty
Package: adjustbox 2022/10/17 v1.3a Adjusting TeX boxes (trim, clip, ...)
 (/usr/share/texlive/texmf-dist/tex/latex/adjustbox/adjcalc.sty
Package: adjcalc 2012/05/16 v1.1 Provides advanced setlength with multiple back-ends (calc, etex, pgfmath)
) (/usr/share/texlive/texmf-dist/tex/latex/adjustbox/trimclip.sty
Package: trimclip 2020/08/19 v1.2 Trim and clip general TeX material
 (/usr/share/texlive/texmf-dist/tex/latex/collectbox/collectbox.sty
Package: collectbox 2022/10/17 v0.4c Collect macro arguments as boxes
\collectedbox=\box117
)
\tc@llx=\dimen281
\tc@lly=\dimen282
\tc@urx=\dimen283
\tc@ury=\dimen284
Package trimclip Info: Using driver 'tc-pdftex.def'.
 (/usr/share/texlive/texmf-dist/tex/latex/adjustbox/tc-pdftex.def
File: tc-pdftex.def 2019/01/04 v2.2 Clipping driver for pdftex
))
\adjbox@Width=\dimen285
\adjbox@Height=\dimen286
\adjbox@Depth=\dimen287
\adjbox@Totalheight=\dimen288
\adjbox@pwidth=\dimen289
\adjbox@pheight=\dimen290
\adjbox@pdepth=\dimen291
\adjbox@ptotalheight=\dimen292
 (/usr/share/texlive/texmf-dist/tex/latex/ifoddpage/ifoddpage.sty
Package: ifoddpage 2022/10/18 v1.2 Conditionals for odd/even page detection
\c@checkoddpage=\count323
) (/usr/share/texlive/texmf-dist/tex/latex/varwidth/varwidth.sty
Package: varwidth 2009/03/30 ver 0.92;  Variable-width minipages
\@vwid@box=\box118
\sift@deathcycles=\count324
\@vwid@loff=\dimen293
\@vwid@roff=\dimen294
)) (/usr/share/texlive/texmf-dist/tex/generic/babel/babel.sty
Package: babel 2024/01/07 v24.1 The Babel package
\babel@savecnt=\count325
\U@D=\dimen295
\l@unhyphenated=\language89
 (/usr/share/texlive/texmf-dist/tex/generic/babel/txtbabel.def)
\bbl@readstream=\read4
\bbl@dirlevel=\count326
 (/usr/share/texlive/texmf-dist/tex/generic/babel-english/english.ldf
Language: english 2017/06/06 v3.3r English support from the babel system
Package babel Info: Hyphen rules for 'canadian' set to \l@english
(babel)             (\language0). Reported on input line 102.
Package babel Info: Hyphen rules for 'australian' set to \l@ukenglish
(babel)             (\language55). Reported on input line 105.
Package babel Info: Hyphen rules for 'newzealand' set to \l@ukenglish
(babel)             (\language55). Reported on input line 108.
)) (/usr/share/texlive/texmf-dist/tex/generic/babel/locale/en/babel-english.tex
Package babel Info: Importing font and identification data for english
(babel)             from babel-en.ini. Reported on input line 11.
) (/usr/share/texlive/texmf-dist/tex/latex/listings/listings.sty
\lst@mode=\count327
\lst@gtempboxa=\box119
\lst@token=\toks41
\lst@length=\count328
\lst@currlwidth=\dimen296
\lst@column=\count329
\lst@pos=\count330
\lst@lostspace=\dimen297
\lst@width=\dimen298
\lst@newlines=\count331
\lst@lineno=\count332
\lst@maxwidth=\dimen299
 (/usr/share/texlive/texmf-dist/tex/latex/listings/lstmisc.sty
File: lstmisc.sty 2023/02/27 1.9 (Carsten Heinz)
\c@lstnumber=\count333
\lst@skipnumbers=\count334
\lst@framebox=\box120
) (/usr/share/texlive/texmf-dist/tex/latex/listings/listings.cfg
File: listings.cfg 2023/02/27 1.9 listings configuration
))
Package: listings 2023/02/27 1.9 (Carsten Heinz)
 (/usr/share/texlive/texmf-dist/tex/latex/transparent/transparent.sty
Package: transparent 2022-10-27 v1.5 Transparency with color stacks
 (/usr/share/texlive/texmf-dist/tex/latex/transparent/transparent-nometadata.sty
Package: transparent-nometadata 2022-10-27 v1.5 Transparency via pdfTeX's color stack (HO)
)) (/usr/share/texlive/texmf-dist/tex/latex/eso-pic/eso-pic.sty
Package: eso-pic 2023/05/03 v3.0c eso-pic (RN)
\ESO@tempdima=\dimen300
\ESO@tempdimb=\dimen301
) (/usr/share/texlive/texmf-dist/tex/latex/changepage/chngpage.sty
Package: chngpage 2009/10/20 v1.2b change page layout
\c@cp@cnt=\count335
\c@cp@tempcnt=\count336
LaTeX Info: Redefining \checkoddpage on input line 48.
) (/usr/share/texlive/texmf-dist/tex/latex/shorttoc/shorttoc.sty
Package: shorttoc 2002/08/20 v1.3 Short table of contents (JPFD)
) (/usr/share/texlive/texmf-dist/tex/latex/comment/comment.sty
\CommentStream=\write4
 Excluding comment 'comment') (/usr/share/texlive/texmf-dist/tex/latex/base/makeidx.sty
Package: makeidx 2021/10/04 v1.0m Standard LaTeX package
) (/usr/share/texlive/texmf-dist/tex/latex/biblatex/biblatex.sty
Package: biblatex 2023/03/05 v3.19 programmable bibliographies (PK/MW)
 (/usr/share/texlive/texmf-dist/tex/latex/logreq/logreq.sty
Package: logreq 2010/08/04 v1.0 xml request logger
\lrq@indent=\count337
 (/usr/share/texlive/texmf-dist/tex/latex/logreq/logreq.def
File: logreq.def 2010/08/04 v1.0 logreq spec v1.0
))
\c@tabx@nest=\count338
\c@listtotal=\count339
\c@listcount=\count340
\c@liststart=\count341
\c@liststop=\count342
\c@citecount=\count343
\c@citetotal=\count344
\c@multicitecount=\count345
\c@multicitetotal=\count346
\c@instcount=\count347
\c@maxnames=\count348
\c@minnames=\count349
\c@maxitems=\count350
\c@minitems=\count351
\c@citecounter=\count352
\c@maxcitecounter=\count353
\c@savedcitecounter=\count354
\c@uniquelist=\count355
\c@uniquename=\count356
\c@refsection=\count357
\c@refsegment=\count358
\c@maxextratitle=\count359
\c@maxextratitleyear=\count360
\c@maxextraname=\count361
\c@maxextradate=\count362
\c@maxextraalpha=\count363
\c@abbrvpenalty=\count364
\c@highnamepenalty=\count365
\c@lownamepenalty=\count366
\c@maxparens=\count367
\c@parenlevel=\count368
\blx@tempcnta=\count369
\blx@tempcntb=\count370
\blx@tempcntc=\count371
\c@blx@maxsection=\count372
\blx@maxsegment@0=\count373
\blx@notetype=\count374
\blx@parenlevel@text=\count375
\blx@parenlevel@foot=\count376
\blx@sectionciteorder@0=\count377
\blx@sectionciteorderinternal@0=\count378
\blx@entrysetcounter=\count379
\blx@biblioinstance=\count380
\labelnumberwidth=\skip70
\labelalphawidth=\skip71
\biblabelsep=\skip72
\bibitemsep=\skip73
\bibnamesep=\skip74
\bibinitsep=\skip75
\bibparsep=\skip76
\bibhang=\skip77
\blx@bcfin=\read5
\blx@bcfout=\write5
\blx@langwohyphens=\language90
\c@mincomprange=\count381
\c@maxcomprange=\count382
\c@mincompwidth=\count383
Package biblatex Info: Trying to load biblatex default data model...
Package biblatex Info: ... file 'blx-dm.def' found.
 (/usr/share/texlive/texmf-dist/tex/latex/biblatex/blx-dm.def
File: blx-dm.def 2023/03/05 v3.19 biblatex localization (PK/MW)
)
Package biblatex Info: Trying to load biblatex custom data model...
Package biblatex Info: ... file 'biblatex-dm.cfg' not found.
\c@afterword=\count384
\c@savedafterword=\count385
\c@annotator=\count386
\c@savedannotator=\count387
\c@author=\count388
\c@savedauthor=\count389
\c@bookauthor=\count390
\c@savedbookauthor=\count391
\c@commentator=\count392
\c@savedcommentator=\count393
\c@editor=\count394
\c@savededitor=\count395
\c@editora=\count396
\c@savededitora=\count397
\c@editorb=\count398
\c@savededitorb=\count399
\c@editorc=\count400
\c@savededitorc=\count401
\c@foreword=\count402
\c@savedforeword=\count403
\c@holder=\count404
\c@savedholder=\count405
\c@introduction=\count406
\c@savedintroduction=\count407
\c@namea=\count408
\c@savednamea=\count409
\c@nameb=\count410
\c@savednameb=\count411
\c@namec=\count412
\c@savednamec=\count413
\c@translator=\count414
\c@savedtranslator=\count415
\c@shortauthor=\count416
\c@savedshortauthor=\count417
\c@shorteditor=\count418
\c@savedshorteditor=\count419
\c@labelname=\count420
\c@savedlabelname=\count421
\c@institution=\count422
\c@savedinstitution=\count423
\c@lista=\count424
\c@savedlista=\count425
\c@listb=\count426
\c@savedlistb=\count427
\c@listc=\count428
\c@savedlistc=\count429
\c@listd=\count430
\c@savedlistd=\count431
\c@liste=\count432
\c@savedliste=\count433
\c@listf=\count434
\c@savedlistf=\count435
\c@location=\count436
\c@savedlocation=\count437
\c@organization=\count438
\c@savedorganization=\count439
\c@origlocation=\count440
\c@savedoriglocation=\count441
\c@origpublisher=\count442
\c@savedorigpublisher=\count443
\c@publisher=\count444
\c@savedpublisher=\count445
\c@language=\count446
\c@savedlanguage=\count447
\c@origlanguage=\count448
\c@savedoriglanguage=\count449
\c@pageref=\count450
\c@savedpageref=\count451
\shorthandwidth=\skip78
\shortjournalwidth=\skip79
\shortserieswidth=\skip80
\shorttitlewidth=\skip81
\shortauthorwidth=\skip82
\shorteditorwidth=\skip83
\locallabelnumberwidth=\skip84
\locallabelalphawidth=\skip85
\localshorthandwidth=\skip86
\localshortjournalwidth=\skip87
\localshortserieswidth=\skip88
\localshorttitlewidth=\skip89
\localshortauthorwidth=\skip90
\localshorteditorwidth=\skip91
Package biblatex Info: Trying to load compatibility code...
Package biblatex Info: ... file 'blx-compat.def' found.
 (/usr/share/texlive/texmf-dist/tex/latex/biblatex/blx-compat.def
File: blx-compat.def 2023/03/05 v3.19 biblatex compatibility (PK/MW)
)
Package biblatex Info: Trying to load generic definitions...
Package biblatex Info: ... file 'biblatex.def' found.
 (/usr/share/texlive/texmf-dist/tex/latex/biblatex/biblatex.def
File: biblatex.def 2023/03/05 v3.19 biblatex compatibility (PK/MW)
\c@textcitecount=\count452
\c@textcitetotal=\count453
\c@textcitemaxnames=\count454
\c@biburlbigbreakpenalty=\count455
\c@biburlbreakpenalty=\count456
\c@biburlnumpenalty=\count457
\c@biburlucpenalty=\count458
\c@biburllcpenalty=\count459
\biburlbigskip=\muskip18
\biburlnumskip=\muskip19
\biburlucskip=\muskip20
\biburllcskip=\muskip21
\c@smartand=\count460
)
Package biblatex Info: Trying to load bibliography style 'numeric'...
Package biblatex Info: ... file 'numeric.bbx' found.
 (/usr/share/texlive/texmf-dist/tex/latex/biblatex/bbx/numeric.bbx
File: numeric.bbx 2023/03/05 v3.19 biblatex bibliography style (PK/MW)
Package biblatex Info: Trying to load bibliography style 'standard'...
Package biblatex Info: ... file 'standard.bbx' found.
 (/usr/share/texlive/texmf-dist/tex/latex/biblatex/bbx/standard.bbx
File: standard.bbx 2023/03/05 v3.19 biblatex bibliography style (PK/MW)
\c@bbx:relatedcount=\count461
\c@bbx:relatedtotal=\count462
))
Package biblatex Info: Trying to load citation style 'numeric'...
Package biblatex Info: ... file 'numeric.cbx' found.
 (/usr/share/texlive/texmf-dist/tex/latex/biblatex/cbx/numeric.cbx
File: numeric.cbx 2023/03/05 v3.19 biblatex citation style (PK/MW)
Package biblatex Info: Redefining '\cite'.
Package biblatex Info: Redefining '\parencite'.
Package biblatex Info: Redefining '\footcite'.
Package biblatex Info: Redefining '\footcitetext'.
Package biblatex Info: Redefining '\smartcite'.
Package biblatex Info: Redefining '\supercite'.
Package biblatex Info: Redefining '\textcite'.
Package biblatex Info: Redefining '\textcites'.
Package biblatex Info: Redefining '\cites'.
Package biblatex Info: Redefining '\parencites'.
Package biblatex Info: Redefining '\smartcites'.
)
Package biblatex Info: Trying to load configuration file...
Package biblatex Info: ... file 'biblatex.cfg' found.
 (/usr/share/texlive/texmf-dist/tex/latex/biblatex/biblatex.cfg
File: biblatex.cfg 
)
Package biblatex Info: Input encoding 'utf8' detected.
Package biblatex Info: Document encoding is UTF8 ....
 (/usr/share/texlive/texmf-dist/tex/latex/l3kernel/expl3.sty
Package: expl3 2024-01-22 L3 programming layer (loader) 
 (/usr/share/texlive/texmf-dist/tex/latex/l3backend/l3backend-pdftex.def
File: l3backend-pdftex.def 2024-01-04 L3 backend support: PDF output (pdfTeX)
\l__color_backend_stack_int=\count463
\l__pdf_internal_box=\box121
))
Package biblatex Info: ... and expl3
(biblatex)             2024-01-22 L3 programming layer (loader) 
(biblatex)             is new enough (at least 2020/04/06),
(biblatex)             setting 'casechanger=expl3'.
 (/usr/share/texlive/texmf-dist/tex/latex/biblatex/blx-case-expl3.sty (/usr/share/texlive/texmf-dist/tex/latex/l3packages/xparse/xparse.sty
Package: xparse 2023-10-10 L3 Experimental document command parser
)
Package: blx-case-expl3 2023/03/05 v3.19 expl3 case changing code for biblatex
)) (/usr/share/texlive/texmf-dist/tex/latex/csquotes/csquotes.sty
Package: csquotes 2022-09-14 v5.2n context-sensitive quotations (JAW)
\csq@reset=\count464
\csq@gtype=\count465
\csq@glevel=\count466
\csq@qlevel=\count467
\csq@maxlvl=\count468
\csq@tshold=\count469
\csq@ltx@everypar=\toks42
 (/usr/share/texlive/texmf-dist/tex/latex/csquotes/csquotes.def
File: csquotes.def 2022-09-14 v5.2n csquotes generic definitions (JAW)
)
Package csquotes Info: Trying to load configuration file 'csquotes.cfg'...
Package csquotes Info: ... configuration file loaded successfully.
 (/usr/share/texlive/texmf-dist/tex/latex/csquotes/csquotes.cfg
File: csquotes.cfg 
)) (/usr/share/texlive/texmf-dist/tex/latex/multirow/multirow.sty
Package: multirow 2021/03/15 v2.8 Span multiple rows of a table
\multirow@colwidth=\skip92
\multirow@cntb=\count470
\multirow@dima=\skip93
\bigstrutjot=\dimen302
) (/usr/share/texlive/texmf-dist/tex/latex/footnotehyper/footnotehyper.sty
Package: footnotehyper 2021/08/13 v1.1e hyperref aware footnote.sty (JFB)
\FNH@notes=\box122
\FNH@width=\dimen303
\FNH@toks=\toks43
) (/usr/share/texlive/texmf-dist/tex/latex/acro/acro.sty (/usr/share/texlive/texmf-dist/tex/latex/l3packages/l3keys2e/l3keys2e.sty
Package: l3keys2e 2023-10-10 LaTeX2e option processing using LaTeX3 keys
)
Package: acro 2022/04/01 v3.8 typeset acronyms and other abbreviations (CN)
\l__acro_tmpa_int=\count471
\l__acro_tmpb_int=\count472
\l__acro_tmpc_int=\count473
\l__acro_tmpd_int=\count474
Loading module `base' ...
Loading module `interface' ...
Loading module `aux' ...
Loading module `properties' ...
Loading module `acronyms' ...
Loading module `formatting' ...
Loading module `ppfixes' ...
Loading module `tools' ...
\l__acro_minimal_usage_int=\count475
\l__acro_nest_int=\count476
\g_acro_barrier_int=\count477
\g_acro_barrier_total_int=\count478
Loading module `commands' ...
\l_acro_nest_level_int=\count479
Loading module `templates' ...
Loading module `list' ...
Loading module `pages' ...
\l__acro_pages_seq_threshold_int=\count480
Loading module `locale' ...
 (/usr/share/texlive/texmf-dist/tex/latex/translations/translations.sty
Package: translations 2022/02/05 v1.12 internationalization of LaTeX2e packages (CN)
)
Loading module `pdfsupport' ...
Loading module `patch' ...
Loading module `definitions' ...
Loading module `upgrade' ...
) (/usr/share/texlive/texmf-dist/tex/latex/pgfplots/pgfplots.sty (/usr/share/texlive/texmf-dist/tex/generic/pgfplots/pgfplots.revision.tex)
Package: pgfplots 2021/05/15 v1.18.1 Data Visualization (1.18.1)
 (/usr/share/texlive/texmf-dist/tex/latex/pgf/frontendlayer/tikz.sty (/usr/share/texlive/texmf-dist/tex/latex/pgf/utilities/pgffor.sty (/usr/share/texlive/texmf-dist/tex/latex/pgf/utilities/pgfkeys.sty (/usr/share/texlive/texmf-dist/tex/generic/pgf/utilities/pgfkeys.code.tex)) (/usr/share/texlive/texmf-dist/tex/latex/pgf/math/pgfmath.sty (/usr/share/texlive/texmf-dist/tex/generic/pgf/math/pgfmath.code.tex)) (/usr/share/texlive/texmf-dist/tex/generic/pgf/utilities/pgffor.code.tex
Package: pgffor 2023-01-15 v3.1.10 (3.1.10)
\pgffor@iter=\dimen304
\pgffor@skip=\dimen305
\pgffor@stack=\toks44
\pgffor@toks=\toks45
)) (/usr/share/texlive/texmf-dist/tex/generic/pgf/frontendlayer/tikz/tikz.code.tex
Package: tikz 2023-01-15 v3.1.10 (3.1.10)
 (/usr/share/texlive/texmf-dist/tex/generic/pgf/libraries/pgflibraryplothandlers.code.tex
File: pgflibraryplothandlers.code.tex 2023-01-15 v3.1.10 (3.1.10)
\pgf@plot@mark@count=\count481
\pgfplotmarksize=\dimen306
)
\tikz@lastx=\dimen307
\tikz@lasty=\dimen308
\tikz@lastxsaved=\dimen309
\tikz@lastysaved=\dimen310
\tikz@lastmovetox=\dimen311
\tikz@lastmovetoy=\dimen312
\tikzleveldistance=\dimen313
\tikzsiblingdistance=\dimen314
\tikz@figbox=\box123
\tikz@figbox@bg=\box124
\tikz@tempbox=\box125
\tikz@tempbox@bg=\box126
\tikztreelevel=\count482
\tikznumberofchildren=\count483
\tikznumberofcurrentchild=\count484
\tikz@fig@count=\count485

(/usr/share/texlive/texmf-dist/tex/generic/pgf/modules/pgfmodulematrix.code.tex
File: pgfmodulematrix.code.tex 2023-01-15 v3.1.10 (3.1.10)
\pgfmatrixcurrentrow=\count486
\pgfmatrixcurrentcolumn=\count487
\pgf@matrix@numberofcolumns=\count488
)
\tikz@expandcount=\count489
 (/usr/share/texlive/texmf-dist/tex/generic/pgf/frontendlayer/tikz/libraries/tikzlibrarytopaths.code.tex
File: tikzlibrarytopaths.code.tex 2023-01-15 v3.1.10 (3.1.10)
))) (/usr/share/texlive/texmf-dist/tex/generic/pgfplots/pgfplots.code.tex (/usr/share/texlive/texmf-dist/tex/generic/pgfplots/pgfplotscore.code.tex
\t@pgfplots@toka=\toks46
\t@pgfplots@tokb=\toks47
\t@pgfplots@tokc=\toks48
\pgfplots@tmpa=\dimen315
\c@pgfplots@coordindex=\count490
\c@pgfplots@scanlineindex=\count491
 (/usr/share/texlive/texmf-dist/tex/generic/pgfplots/sys/pgfplotssysgeneric.code.tex)) (/usr/share/texlive/texmf-dist/tex/generic/pgfplots/libs/pgfplotslibrary.code.tex) (/usr/share/texlive/texmf-dist/tex/generic/pgfplots/oldpgfcompatib/pgfplotsoldpgfsupp_loader.code.tex (/usr/share/texlive/texmf-dist/tex/generic/pgf/libraries/pgflibraryfpu.code.tex)
Package pgfplots: loading complementary utilities for your pgf version...
\t@pgf@toka=\toks49
\t@pgf@tokb=\toks50
\t@pgf@tokc=\toks51
(/usr/share/texlive/texmf-dist/tex/generic/pgfplots/oldpgfcompatib/pgfplotsoldpgfsupp_pgfutil-common-lists.tex)) (/usr/share/texlive/texmf-dist/tex/generic/pgfplots/util/pgfplotsutil.code.tex (/usr/share/texlive/texmf-dist/tex/generic/pgfplots/liststructure/pgfplotsliststructure.code.tex) (/usr/share/texlive/texmf-dist/tex/generic/pgfplots/liststructure/pgfplotsliststructureext.code.tex) (/usr/share/texlive/texmf-dist/tex/generic/pgfplots/liststructure/pgfplotsarray.code.tex
\c@pgfplotsarray@tmp=\count492
) (/usr/share/texlive/texmf-dist/tex/generic/pgfplots/liststructure/pgfplotsmatrix.code.tex) (/usr/share/texlive/texmf-dist/tex/generic/pgfplots/numtable/pgfplotstableshared.code.tex
\c@pgfplotstable@counta=\count493
\t@pgfplotstable@a=\toks52
) (/usr/share/texlive/texmf-dist/tex/generic/pgfplots/liststructure/pgfplotsdeque.code.tex) (/usr/share/texlive/texmf-dist/tex/generic/pgfplots/util/pgfplotsbinary.code.tex (/usr/share/texlive/texmf-dist/tex/generic/pgfplots/util/pgfplotsbinary.data.code.tex)) (/usr/share/texlive/texmf-dist/tex/generic/pgfplots/util/pgfplotsutil.verb.code.tex) (/usr/share/texlive/texmf-dist/tex/generic/pgfplots/libs/pgflibrarypgfplots.surfshading.code.tex
\c@pgfplotslibrarysurf@no=\count494
 (/usr/share/texlive/texmf-dist/tex/generic/pgfplots/sys/pgflibrarypgfplots.surfshading.pgfsys-pdftex.def))) (/usr/share/texlive/texmf-dist/tex/generic/pgfplots/util/pgfplotscolormap.code.tex (/usr/share/texlive/texmf-dist/tex/generic/pgfplots/util/pgfplotscolor.code.tex)) (/usr/share/texlive/texmf-dist/tex/generic/pgfplots/pgfplotsstackedplots.code.tex) (/usr/share/texlive/texmf-dist/tex/generic/pgfplots/pgfplotsplothandlers.code.tex (/usr/share/texlive/texmf-dist/tex/generic/pgfplots/pgfplotsmeshplothandler.code.tex (/usr/share/texlive/texmf-dist/tex/generic/pgfplots/pgfplotsmeshplotimage.code.tex))) (/usr/share/texlive/texmf-dist/tex/generic/pgfplots/pgfplots.scaling.code.tex) (/usr/share/texlive/texmf-dist/tex/generic/pgfplots/pgfplotscoordprocessing.code.tex) (/usr/share/texlive/texmf-dist/tex/generic/pgfplots/pgfplots.errorbars.code.tex) (/usr/share/texlive/texmf-dist/tex/generic/pgfplots/pgfplots.markers.code.tex) (/usr/share/texlive/texmf-dist/tex/generic/pgfplots/pgfplotsticks.code.tex) (/usr/share/texlive/texmf-dist/tex/generic/pgfplots/pgfplots.paths.code.tex) (/usr/share/texlive/texmf-dist/tex/generic/pgf/frontendlayer/tikz/libraries/tikzlibrarydecorations.code.tex (/usr/share/texlive/texmf-dist/tex/generic/pgf/modules/pgfmoduledecorations.code.tex
\pgfdecoratedcompleteddistance=\dimen316
\pgfdecoratedremainingdistance=\dimen317
\pgfdecoratedinputsegmentcompleteddistance=\dimen318
\pgfdecoratedinputsegmentremainingdistance=\dimen319
\pgf@decorate@distancetomove=\dimen320
\pgf@decorate@repeatstate=\count495
\pgfdecorationsegmentamplitude=\dimen321
\pgfdecorationsegmentlength=\dimen322
)
\tikz@lib@dec@box=\box127
) (/usr/share/texlive/texmf-dist/tex/generic/pgf/frontendlayer/tikz/libraries/tikzlibrarydecorations.pathmorphing.code.tex (/usr/share/texlive/texmf-dist/tex/generic/pgf/libraries/decorations/pgflibrarydecorations.pathmorphing.code.tex)) (/usr/share/texlive/texmf-dist/tex/generic/pgf/frontendlayer/tikz/libraries/tikzlibrarydecorations.pathreplacing.code.tex (/usr/share/texlive/texmf-dist/tex/generic/pgf/libraries/decorations/pgflibrarydecorations.pathreplacing.code.tex)) (/usr/share/texlive/texmf-dist/tex/generic/pgfplots/libs/tikzlibrarypgfplots.contourlua.code.tex)
\pgfplots@numplots=\count496
\pgfplots@xmin@reg=\dimen323
\pgfplots@xmax@reg=\dimen324
\pgfplots@ymin@reg=\dimen325
\pgfplots@ymax@reg=\dimen326
\pgfplots@zmin@reg=\dimen327
\pgfplots@zmax@reg=\dimen328
) (/usr/share/texlive/texmf-dist/tex/generic/pgf/frontendlayer/tikz/libraries/tikzlibraryplotmarks.code.tex
File: tikzlibraryplotmarks.code.tex 2023-01-15 v3.1.10 (3.1.10)
 (/usr/share/texlive/texmf-dist/tex/generic/pgf/libraries/pgflibraryplotmarks.code.tex
File: pgflibraryplotmarks.code.tex 2023-01-15 v3.1.10 (3.1.10)
))) (/usr/share/texlive/texmf-dist/tex/latex/ragged2e/ragged2e.sty
Package: ragged2e 2023/06/22 v3.6 ragged2e Package
\CenteringLeftskip=\skip94
\RaggedLeftLeftskip=\skip95
\RaggedRightLeftskip=\skip96
\CenteringRightskip=\skip97
\RaggedLeftRightskip=\skip98
\RaggedRightRightskip=\skip99
\CenteringParfillskip=\skip100
\RaggedLeftParfillskip=\skip101
\RaggedRightParfillskip=\skip102
\JustifyingParfillskip=\skip103
\CenteringParindent=\skip104
\RaggedLeftParindent=\skip105
\RaggedRightParindent=\skip106
\JustifyingParindent=\skip107
) (/usr/share/texlive/texmf-dist/tex/latex/tools/tabularx.sty
Package: tabularx 2023/07/08 v2.11c `tabularx' package (DPC)
\TX@col@width=\dimen329
\TX@old@table=\dimen330
\TX@old@col=\dimen331
\TX@target=\dimen332
\TX@delta=\dimen333
\TX@cols=\count497
\TX@ftn=\toks53
) (/usr/share/texlive/texmf-dist/tex/latex/float/float.sty
Package: float 2001/11/08 v1.3d Float enhancements (AL)
\c@float@type=\count498
\float@exts=\toks54
\float@box=\box128
\@float@everytoks=\toks55
\@floatcapt=\box129
) (/usr/share/texlive/texmf-dist/tex/latex/microtype/microtype.sty
Package: microtype 2023/03/13 v3.1a Micro-typographical refinements (RS)
\MT@toks=\toks56
\MT@tempbox=\box130
\MT@count=\count499
LaTeX Info: Redefining \noprotrusionifhmode on input line 1059.
LaTeX Info: Redefining \leftprotrusion on input line 1060.
\MT@prot@toks=\toks57
LaTeX Info: Redefining \rightprotrusion on input line 1078.
LaTeX Info: Redefining \textls on input line 1368.
\MT@outer@kern=\dimen334
LaTeX Info: Redefining \textmicrotypecontext on input line 1988.
\MT@listname@count=\count500
 (/usr/share/texlive/texmf-dist/tex/latex/microtype/microtype-pdftex.def
File: microtype-pdftex.def 2023/03/13 v3.1a Definitions specific to pdftex (RS)
LaTeX Info: Redefining \lsstyle on input line 902.
LaTeX Info: Redefining \lslig on input line 902.
\MT@outer@space=\skip108
)
Package microtype Info: Loading configuration file microtype.cfg.
 (/usr/share/texlive/texmf-dist/tex/latex/microtype/microtype.cfg
File: microtype.cfg 2023/03/13 v3.1a microtype main configuration file (RS)
)) (/usr/share/texlive/texmf-dist/tex/latex/chngcntr/chngcntr.sty
Package: chngcntr 2018/04/09 v1.1a change counter resetting
Package chngcntr Info: \counterwithout already defined.
(chngcntr)             Quitting chngcntr on input line 21.
) (/usr/share/texlive/texmf-dist/tex/latex/tocloft/tocloft.sty
Package: tocloft 2017/08/31 v2.3i parameterised ToC, etc., typesetting
Package tocloft Info: The document has chapter divisions on input line 51.
\cftparskip=\skip109
\cftbeforetoctitleskip=\skip110
\cftaftertoctitleskip=\skip111
\cftbeforepartskip=\skip112
\cftpartnumwidth=\skip113
\cftpartindent=\skip114
\cftbeforechapskip=\skip115
\cftchapindent=\skip116
\cftchapnumwidth=\skip117
\cftbeforesecskip=\skip118
\cftsecindent=\skip119
\cftsecnumwidth=\skip120
\cftbeforesubsecskip=\skip121
\cftsubsecindent=\skip122
\cftsubsecnumwidth=\skip123
\cftbeforesubsubsecskip=\skip124
\cftsubsubsecindent=\skip125
\cftsubsubsecnumwidth=\skip126
\cftbeforeparaskip=\skip127
\cftparaindent=\skip128
\cftparanumwidth=\skip129
\cftbeforesubparaskip=\skip130
\cftsubparaindent=\skip131
\cftsubparanumwidth=\skip132
\cftbeforeloftitleskip=\skip133
\cftafterloftitleskip=\skip134
\cftbeforefigskip=\skip135
\cftfigindent=\skip136
\cftfignumwidth=\skip137
\c@lofdepth=\count501
\c@lotdepth=\count502
\cftbeforelottitleskip=\skip138
\cftafterlottitleskip=\skip139
\cftbeforetabskip=\skip140
\cfttabindent=\skip141
\cfttabnumwidth=\skip142
) (/usr/share/texlive/texmf-dist/tex/latex/units/nicefrac.sty
Package: nicefrac 1998/08/04 v0.9b Nice fractions
\L@UnitsRaiseDisplaystyle=\skip143
\L@UnitsRaiseTextstyle=\skip144
\L@UnitsRaiseScriptstyle=\skip145
) (/usr/share/texlive/texmf-dist/tex/latex/titlesec/titlesec.sty
Package: titlesec 2023/10/27 v2.16 Sectioning titles
\ttl@box=\box131
\beforetitleunit=\skip146
\aftertitleunit=\skip147
\ttl@plus=\dimen335
\ttl@minus=\dimen336
\ttl@toksa=\toks58
\titlewidth=\dimen337
\titlewidthlast=\dimen338
\titlewidthfirst=\dimen339
) (/usr/share/texlive/texmf-dist/tex/generic/dirtree/dirtree.sty
Package: dirtree 2012/12/11 v0.32 package wrapper for dirtree
 (/usr/share/texlive/texmf-dist/tex/generic/dirtree/dirtree.tex `dirtree' v0.32, 2012/12/11 (jcc)
\DT@offset=\dimen340
\DT@width=\dimen341
\DT@sep=\dimen342
\DT@all=\dimen343
\DT@rulewidth=\dimen344
\DT@dotwidth=\dimen345
\DTbaselineskip=\dimen346
\DT@counti=\count503
\DT@countii=\count504
\DT@countiii=\count505
\DT@countiv=\count506
\DT@indent=\dimen347
\DT@parskip=\dimen348
\DT@baselineskip=\dimen349
)
File: dirtree.tex 2012/12/11 v0.32 `dirtree' (jcc)
) (/usr/share/texlive/texmf-dist/tex/latex/textpos/textpos.sty
Package: textpos 2022/07/23 v1.10.1
Package textpos Info: choosing support for LaTeX3 on input line 60.
\TP@textbox=\box132
\TP@holdbox=\box133
\TPHorizModule=\dimen350
\TPVertModule=\dimen351
\TP@margin=\dimen352
\TP@absmargin=\dimen353

Grid set 16 x 16 = 37.34424pt x 52.81541pt
\TPboxrulesize=\dimen354
\TP@ox=\dimen355
\TP@oy=\dimen356
\TP@tbargs=\toks59
TextBlockOrigin set to 0pt x 0pt
) (/usr/share/texlive/texmf-dist/tex/latex/enumitem/enumitem.sty
Package: enumitem 2019/06/20 v3.9 Customized lists
\labelindent=\skip148
\enit@outerparindent=\dimen357
\enit@toks=\toks60
\enit@inbox=\box134
\enit@count@id=\count507
\enitdp@description=\count508
) (/usr/share/texlive/texmf-dist/tex/latex/algorithms/algorithm.sty
Package: algorithm 2009/08/24 v0.1 Document Style `algorithm' - floating environment
\@float@every@algorithm=\toks61
\c@algorithm=\count509
) (/usr/share/texlive/texmf-dist/tex/latex/algorithmicx/algpseudocode.sty
Package: algpseudocode 
 (/usr/share/texlive/texmf-dist/tex/latex/algorithmicx/algorithmicx.sty
Package: algorithmicx 2005/04/27 v1.2 Algorithmicx

Document Style algorithmicx 1.2 - a greatly improved `algorithmic' style
\c@ALG@line=\count510
\c@ALG@rem=\count511
\c@ALG@nested=\count512
\ALG@tlm=\skip149
\ALG@thistlm=\skip150
\c@ALG@Lnr=\count513
\c@ALG@blocknr=\count514
\c@ALG@storecount=\count515
\c@ALG@tmpcounter=\count516
\ALG@tmplength=\skip151
)
Document Style - pseudocode environments for use with the `algorithmicx' style
) (/usr/share/texlive/texmf-dist/tex/latex/mathtools/mathtools.sty
Package: mathtools 2022/06/29 v1.29 mathematical typesetting tools
 (/usr/share/texlive/texmf-dist/tex/latex/mathtools/mhsetup.sty
Package: mhsetup 2021/03/18 v1.4 programming setup (MH)
)
\g_MT_multlinerow_int=\count517
\l_MT_multwidth_dim=\dimen358
\origjot=\skip152
\l_MT_shortvdotswithinadjustabove_dim=\dimen359
\l_MT_shortvdotswithinadjustbelow_dim=\dimen360
\l_MT_above_intertext_sep=\dimen361
\l_MT_below_intertext_sep=\dimen362
\l_MT_above_shortintertext_sep=\dimen363
\l_MT_below_shortintertext_sep=\dimen364
\xmathstrut@box=\box135
\xmathstrut@dim=\dimen365
) (/usr/share/texlive/texmf-dist/tex/latex/tools/bm.sty
Package: bm 2023/07/08 v1.2f Bold Symbol Support (DPC/FMi)
\symboldoperators=\mathgroup6
\symboldletters=\mathgroup7
\symboldsymbols=\mathgroup8
Package bm Info: No bold for \OMX/cmex/m/n, using \pmb.
Package bm Info: No bold for \U/msa/m/n, using \pmb.
Package bm Info: No bold for \U/msb/m/n, using \pmb.
LaTeX Font Info:    Redeclaring math alphabet \mathbf on input line 149.
) (/usr/share/texlive/texmf-dist/tex/latex/doublestroke/dsfont.sty
Package: dsfont 1995/08/01 v0.1 Double stroke roman fonts
) (/usr/share/texlive/texmf-dist/tex/latex/forest/forest.sty
Package: forest 2017/07/14 v2.1.5 Drawing (linguistic) trees
 (/usr/share/texlive/texmf-dist/tex/generic/pgf/frontendlayer/tikz/libraries/tikzlibraryshapes.code.tex
File: tikzlibraryshapes.code.tex 2023-01-15 v3.1.10 (3.1.10)
 (/usr/share/texlive/texmf-dist/tex/generic/pgf/frontendlayer/tikz/libraries/tikzlibraryshapes.geometric.code.tex
File: tikzlibraryshapes.geometric.code.tex 2023-01-15 v3.1.10 (3.1.10)
 (/usr/share/texlive/texmf-dist/tex/generic/pgf/libraries/shapes/pgflibraryshapes.geometric.code.tex
File: pgflibraryshapes.geometric.code.tex 2023-01-15 v3.1.10 (3.1.10)
)) (/usr/share/texlive/texmf-dist/tex/generic/pgf/frontendlayer/tikz/libraries/tikzlibraryshapes.misc.code.tex
File: tikzlibraryshapes.misc.code.tex 2023-01-15 v3.1.10 (3.1.10)
 (/usr/share/texlive/texmf-dist/tex/generic/pgf/libraries/shapes/pgflibraryshapes.misc.code.tex
File: pgflibraryshapes.misc.code.tex 2023-01-15 v3.1.10 (3.1.10)
)) (/usr/share/texlive/texmf-dist/tex/generic/pgf/frontendlayer/tikz/libraries/tikzlibraryshapes.symbols.code.tex
File: tikzlibraryshapes.symbols.code.tex 2023-01-15 v3.1.10 (3.1.10)
 (/usr/share/texlive/texmf-dist/tex/generic/pgf/libraries/shapes/pgflibraryshapes.symbols.code.tex
File: pgflibraryshapes.symbols.code.tex 2023-01-15 v3.1.10 (3.1.10)
)) (/usr/share/texlive/texmf-dist/tex/generic/pgf/frontendlayer/tikz/libraries/tikzlibraryshapes.arrows.code.tex
File: tikzlibraryshapes.arrows.code.tex 2023-01-15 v3.1.10 (3.1.10)
 (/usr/share/texlive/texmf-dist/tex/generic/pgf/libraries/shapes/pgflibraryshapes.arrows.code.tex
File: pgflibraryshapes.arrows.code.tex 2023-01-15 v3.1.10 (3.1.10)
)) (/usr/share/texlive/texmf-dist/tex/generic/pgf/frontendlayer/tikz/libraries/tikzlibraryshapes.callouts.code.tex (/usr/share/texlive/texmf-dist/tex/generic/pgf/libraries/shapes/pgflibraryshapes.callouts.code.tex)) (/usr/share/texlive/texmf-dist/tex/generic/pgf/frontendlayer/tikz/libraries/tikzlibraryshapes.multipart.code.tex
File: tikzlibraryshapes.multipart.code.tex 2023-01-15 v3.1.10 (3.1.10)
 (/usr/share/texlive/texmf-dist/tex/generic/pgf/libraries/shapes/pgflibraryshapes.multipart.code.tex
File: pgflibraryshapes.multipart.code.tex 2023-01-15 v3.1.10 (3.1.10)
\pgfnodepartlowerbox=\box136
\pgfnodeparttwobox=\box137
\pgfnodepartthreebox=\box138
\pgfnodepartfourbox=\box139
\pgfnodeparttwentybox=\box140
\pgfnodepartnineteenbox=\box141
\pgfnodeparteighteenbox=\box142
\pgfnodepartseventeenbox=\box143
\pgfnodepartsixteenbox=\box144
\pgfnodepartfifteenbox=\box145
\pgfnodepartfourteenbox=\box146
\pgfnodepartthirteenbox=\box147
\pgfnodeparttwelvebox=\box148
\pgfnodepartelevenbox=\box149
\pgfnodeparttenbox=\box150
\pgfnodepartninebox=\box151
\pgfnodeparteightbox=\box152
\pgfnodepartsevenbox=\box153
\pgfnodepartsixbox=\box154
\pgfnodepartfivebox=\box155
))) (/usr/share/texlive/texmf-dist/tex/generic/pgf/frontendlayer/tikz/libraries/tikzlibraryfit.code.tex
File: tikzlibraryfit.code.tex 2023-01-15 v3.1.10 (3.1.10)
) (/usr/share/texlive/texmf-dist/tex/generic/pgf/frontendlayer/tikz/libraries/tikzlibrarycalc.code.tex
File: tikzlibrarycalc.code.tex 2023-01-15 v3.1.10 (3.1.10)
) (/usr/share/texlive/texmf-dist/tex/generic/pgf/libraries/pgflibraryintersections.code.tex
\pgf@intersect@solutions=\count518
) (/usr/share/texlive/texmf-dist/tex/latex/pgfopts/pgfopts.sty
Package: pgfopts 2014/07/10 v2.1a LaTeX package options with pgfkeys
\pgfopts@list@add@a@toks=\toks62
\pgfopts@list@add@b@toks=\toks63
) (/usr/share/texlive/texmf-dist/tex/latex/elocalloc/elocalloc.sty
Package: elocalloc 2016/12/15 v0.03 local allocation for LaTeX 2015+ (DPC)
) (/usr/share/texlive/texmf-dist/tex/latex/inlinedef/inlinedef.sty
Package: inlinedef 2008/07/10 v1.0 Inlined expansions within definitions
\ID@toks=\toks64
\ID@count=\count519
)
\ID@usercommands=\toks65
\safeloop@depth=\count520
\safeRKloop@depth=\count521
\forest@temp@dimen=\dimen366
\forest@temp@count=\count522
\forest@n=\count523
\forest@temp@global@count=\count524
\forest@temp@toks=\toks66
\forest@temparray@M=\count525
\forest@temparray@N=\count526
\forest@global@temparray@M=\count527
\forest@global@temparray@N=\count528
\forest@isnum@count=\count529
\forest@isdim@nonintpart=\count530
\forest@isdim@dimen=\dimen367
\forest@sort@m=\count531
\forest@sort@k=\count532
\forest@sort@p=\count533
\bracket@content=\toks67
\bracket@afterthought=\toks68
\forest@node@maxid=\count534
\forest@process@left@M=\count535
\forest@process@left@N=\count536
\forest@process@right@M=\count537
\forest@process@right@N=\count538
\forest@process@saved@M=\count539
\forest@process@saved@N=\count540
\forest@process@result@M=\count541
\forest@process@result@N=\count542
\forest@process@n=\count543
\forest@nodewalk@branch@toks=\toks69
\forest@nodewalk@shortsteps@resolution=\toks70
\forest@do@dynamics=\toks71
\forest@box=\box156
\forest@xg=\dimen368
\forest@yg=\dimen369
\forest@xs=\dimen370
\forest@ys=\dimen371
\forest@pi@toks=\toks72
\forest@segment@toks=\toks73
\forest@PIi@toks=\toks74
\forest@PIii@toks=\toks75
\forest@copy@in=\read6
\forest@copy@out=\write6
\forest@externalize@max@outer@n=\count544
\forest@externalize@inner@n=\count545
) Excluding 'comment' comment. (/usr/share/texlive/texmf-dist/tex/latex/tikz-qtree/tikz-qtree.sty (/usr/share/texlive/texmf-dist/tex/latex/tikz-qtree/pgftree.sty (/usr/share/texlive/texmf-dist/tex/latex/tikz-qtree/pgfsubpic.sty (/usr/share/texlive/texmf-dist/tex/latex/tikz-qtree/pgfsubpic.tex
\pgf@subpicminx=\dimen372
\pgf@subpicminy=\dimen373
\pgf@subpicmaxx=\dimen374
\pgf@subpicmaxy=\dimen375
)) (/usr/share/texlive/texmf-dist/tex/latex/tikz-qtree/pgftree.tex
\levelsep=\dimen376
\subtreesep=\dimen377
\smuggle@levelsep=\dimen378
\smuggle@subtreesep=\dimen379
\this@levelsep=\dimen380
\this@subtreesep=\dimen381
\pgftree@childx=\dimen382
\pgftree@savechildx=\dimen383
\pgftree@childy=\dimen384
\pgftree@savechildy=\dimen385
\pgftree@childi=\count546
\pgftree@savechildi=\count547
\pgftree@level=\count548
\pgftree@depth=\dimen386
\pgf@subpic@hbox@children=\box157
\pgf@subpic@minx@children=\dimen387
\pgf@subpic@miny@children=\dimen388
\pgf@subpic@maxx@children=\dimen389
\pgf@subpic@maxy@children=\dimen390
\pgftree@lastchildx=\dimen391
\pgftree@lastchildy=\dimen392
)) (/usr/share/texlive/texmf-dist/tex/latex/tikz-qtree/tikz-qtree.tex
\@result=\toks76
\child@list=\toks77
\root@node=\toks78
)) (/usr/share/texlive/texmf-dist/tex/latex/siunitx/siunitx.sty
Package: siunitx 2024-01-25 v3.3.10 A comprehensive (SI) units package
\l__siunitx_number_uncert_offset_int=\count549
\l__siunitx_number_exponent_fixed_int=\count550
\l__siunitx_number_min_decimal_int=\count551
\l__siunitx_number_min_integer_int=\count552
\l__siunitx_number_round_precision_int=\count553
\l__siunitx_number_lower_threshold_int=\count554
\l__siunitx_number_upper_threshold_int=\count555
\l__siunitx_number_group_first_int=\count556
\l__siunitx_number_group_size_int=\count557
\l__siunitx_number_group_minimum_int=\count558
\l__siunitx_angle_tmp_dim=\dimen393
\l__siunitx_angle_marker_box=\box158
\l__siunitx_angle_unit_box=\box159
\l__siunitx_compound_count_int=\count559
\l__siunitx_table_tmp_box=\box160
\l__siunitx_table_tmp_dim=\dimen394
\l__siunitx_table_column_width_dim=\dimen395
\l__siunitx_table_integer_box=\box161
\l__siunitx_table_decimal_box=\box162
\l__siunitx_table_uncert_box=\box163
\l__siunitx_table_before_box=\box164
\l__siunitx_table_after_box=\box165
\l__siunitx_table_before_dim=\dimen396
\l__siunitx_table_carry_dim=\dimen397
\l__siunitx_unit_tmp_int=\count560
\l__siunitx_unit_position_int=\count561
\l__siunitx_unit_total_int=\count562
) (/usr/share/texlive/texmf-dist/tex/generic/nth/nth.sty
Package: nth 2002/02/27
) (/usr/share/texlive/texmf-dist/tex/latex/colortbl/colortbl.sty
Package: colortbl 2022/06/20 v1.0f Color table columns (DPC)
\everycr=\toks79
\minrowclearance=\skip153
\rownum=\count563
)
\c@annex=\count564
 (/usr/share/texlive/texmf-dist/tex/generic/pgf/frontendlayer/tikz/libraries/tikzlibrarypatterns.code.tex
File: tikzlibrarypatterns.code.tex 2023-01-15 v3.1.10 (3.1.10)
 (/usr/share/texlive/texmf-dist/tex/generic/pgf/libraries/pgflibrarypatterns.code.tex
File: pgflibrarypatterns.code.tex 2023-01-15 v3.1.10 (3.1.10)
))
\c@g@acro@EKF@int=\count565
\c@g@acro@PDF@int=\count566
\c@g@acro@Re@int=\count567
\c@g@acro@Ma@int=\count568
\c@g@acro@BC@int=\count569
\c@g@acro@U-RANS@int=\count570
\c@g@acro@OpenFOAM@int=\count571
\c@g@acro@MPI@int=\count572
\c@g@acro@MRF@int=\count573
\c@g@acro@SST@int=\count574
\c@g@acro@SHF@int=\count575
\c@g@acro@JFM@int=\count576
\c@g@acro@CPER@int=\count577
\c@g@acro@HCERES@int=\count578
\c@g@acro@CTI@int=\count579
\c@g@acro@DDRS@int=\count580
\c@g@acro@CTES@int=\count581
\c@g@acro@NRMSE@int=\count582
\c@g@acro@DNS@int=\count583
\c@g@acro@CFL@int=\count584
\c@g@acro@AI@int=\count585
\c@g@acro@DA@int=\count586
\c@g@acro@RSU@int=\count587
\c@g@acro@CHSCTN@int=\count588
\c@g@acro@EnKF@int=\count589
\c@g@acro@LES@int=\count590
\c@g@acro@RANS@int=\count591
\c@g@acro@PIV@int=\count592
\c@g@acro@IBM@int=\count593
\c@g@acro@IPSA@int=\count594
\c@g@acro@CONES@int=\count595
\c@g@acro@ENSAM@int=\count596
\c@g@acro@LMFL@int=\count597
\c@g@acro@ONERA@int=\count598
\c@g@acro@CFD@int=\count599
\c@g@acro@TGCC@int=\count600
\c@g@acro@CEA@int=\count601
\c@g@acro@CNES@int=\count602
\c@g@acro@CNRS@int=\count603
\c@g@acro@EDF@int=\count604
\c@g@acro@SAS@int=\count605
\c@g@acro@SI@int=\count606
\c@g@acro@KDTree@int=\count607
\c@g@acro@Mo@int=\count608
\c@g@acro@RBF@int=\count609
\c@g@acro@MLS@int=\count610
\c@g@acro@MISCOG@int=\count611
\c@g@acro@DSM@int=\count612
\c@g@acro@1D@int=\count613
\c@g@acro@GIP@int=\count614
\c@g@acro@CSR@int=\count615
\c@g@acro@RSE@int=\count616
\c@g@acro@CERFACS@int=\count617
\c@g@acro@HPC@int=\count618
\c@g@acro@IDW@int=\count619
\c@g@acro@FWH@int=\count620
\c@g@acro@NURBS@int=\count621
\c@g@acro@CAO@int=\count622
\c@g@acro@QVT@int=\count623
\c@g@acro@CSE@int=\count624
\c@g@acro@CSSCT@int=\count625
\c@g@acro@DUERP@int=\count626
\c@g@acro@OTP@int=\count627
\c@g@acro@DSP@int=\count628
\c@g@acro@ALGO-COOP@int=\count629
\c@g@acro@CSG@int=\count630
\c@g@acro@ES@int=\count631
\c@g@acro@AAM@int=\count632
\c@g@acro@GLOBC@int=\count633
\c@g@acro@RGPD@int=\count634
 (/usr/share/texlive/texmf-dist/tex/latex/listings/lstlang1.sty
File: lstlang1.sty 2023/02/27 1.9 listings language file
)
Package csquotes Info: Checking for multilingual support...
Package csquotes Info: ... found 'babel' package.
Package csquotes Info: Adjusting default style.
Package csquotes Info: Redefining alias 'default' -> 'english'.
 (./rapport_stage.aux)
\openout1 = `rapport_stage.aux'.

LaTeX Font Info:    Checking defaults for OML/cmm/m/it on input line 693.
LaTeX Font Info:    ... okay on input line 693.
LaTeX Font Info:    Checking defaults for OMS/cmsy/m/n on input line 693.
LaTeX Font Info:    ... okay on input line 693.
LaTeX Font Info:    Checking defaults for OT1/cmr/m/n on input line 693.
LaTeX Font Info:    ... okay on input line 693.
LaTeX Font Info:    Checking defaults for T1/cmr/m/n on input line 693.
LaTeX Font Info:    ... okay on input line 693.
LaTeX Font Info:    Checking defaults for TS1/cmr/m/n on input line 693.
LaTeX Font Info:    ... okay on input line 693.
LaTeX Font Info:    Checking defaults for OMX/cmex/m/n on input line 693.
LaTeX Font Info:    ... okay on input line 693.
LaTeX Font Info:    Checking defaults for U/cmr/m/n on input line 693.
LaTeX Font Info:    ... okay on input line 693.
LaTeX Font Info:    Checking defaults for PD1/pdf/m/n on input line 693.
LaTeX Font Info:    ... okay on input line 693.
LaTeX Font Info:    Checking defaults for PU/pdf/m/n on input line 693.
LaTeX Font Info:    ... okay on input line 693.
Package hyperref Info: Link coloring OFF on input line 693.
 (./rapport_stage.out) (./rapport_stage.out)
\@outlinefile=\write7
\openout7 = `rapport_stage.out'.


*geometry* driver: auto-detecting
*geometry* detected driver: pdftex
*geometry* verbose mode - [ preamble ] result:
* driver: pdftex
* paper: a4paper
* layout: <same size as paper>
* layoutoffset:(h,v)=(0.0pt,0.0pt)
* modes: 
* h-part:(L,W,R)=(71.13188pt, 455.24411pt, 71.13188pt)
* v-part:(T,H,B)=(56.9055pt, 731.23584pt, 56.9055pt)
* \paperwidth=597.50787pt
* \paperheight=845.04684pt
* \textwidth=455.24411pt
* \textheight=731.23584pt
* \oddsidemargin=-1.1381pt
* \evensidemargin=-1.1381pt
* \topmargin=-52.36449pt
* \headheight=25.22153pt
* \headsep=25.0pt
* \topskip=11.0pt
* \footskip=37.6175pt
* \marginparwidth=50.0pt
* \marginparsep=10.0pt
* \columnsep=10.0pt
* \skip\footins=10.0pt plus 4.0pt minus 2.0pt
* \hoffset=0.0pt
* \voffset=0.0pt
* \mag=1000
* \@twocolumnfalse
* \@twosidefalse
* \@mparswitchfalse
* \@reversemarginfalse
* (1in=72.27pt=25.4mm, 1cm=28.453pt)

(/usr/share/texlive/texmf-dist/tex/context/base/mkii/supp-pdf.mkii
[Loading MPS to PDF converter (version 2006.09.02).]
\scratchcounter=\count635
\scratchdimen=\dimen398
\scratchbox=\box166
\nofMPsegments=\count636
\nofMParguments=\count637
\everyMPshowfont=\toks80
\MPscratchCnt=\count638
\MPscratchDim=\dimen399
\MPnumerator=\count639
\makeMPintoPDFobject=\count640
\everyMPtoPDFconversion=\toks81
) (/usr/share/texlive/texmf-dist/tex/latex/epstopdf-pkg/epstopdf-base.sty
Package: epstopdf-base 2020-01-24 v2.11 Base part for package epstopdf
Package epstopdf-base Info: Redefining graphics rule for `.eps' on input line 485.
 (/usr/share/texlive/texmf-dist/tex/latex/latexconfig/epstopdf-sys.cfg
File: epstopdf-sys.cfg 2010/07/13 v1.3 Configuration of (r)epstopdf for TeX Live
))
Package caption Info: Begin \AtBeginDocument code.
Package caption Info: float package is loaded.
Package caption Info: listings package is loaded.
Package caption Info: End \AtBeginDocument code.
 (/usr/share/texlive/texmf-dist/tex/latex/upquote/upquote.sty
Package: upquote 2012/04/19 v1.3 upright-quote and grave-accent glyphs in verbatim
)
\c@lstlisting=\count641
Package biblatex Info: Trying to load language 'english'...
Package biblatex Info: ... file 'english.lbx' found.
 (/usr/share/texlive/texmf-dist/tex/latex/biblatex/lbx/english.lbx
File: english.lbx 2023/03/05 v3.19 biblatex localization (PK/MW)
)
Package biblatex Info: Input encoding 'utf8' detected.
Package biblatex Info: Automatic encoding selection.
(biblatex)             Assuming data encoding 'utf8'.
\openout5 = `rapport_stage.bcf'.

Package biblatex Info: Trying to load bibliographic data...
Package biblatex Info: ... file 'rapport_stage.bbl' found.
 (./rapport_stage.bbl)
Package biblatex Info: Reference section=0 on input line 693.
Package biblatex Info: Reference segment=0 on input line 693.
 (/usr/share/texlive/texmf-dist/tex/latex/translations/translations-basic-dictionary-english.trsl
File: translations-basic-dictionary-english.trsl (english translation file `translations-basic-dictionary')
)
Package translations Info: loading dictionary `translations-basic-dictionary' for `english'. on input line 693.

Package pgfplots notification 'compat/show suggested version=true': you might benefit from \pgfplotsset{compat=1.18} (current compat level: 1.17).

LaTeX Info: Redefining \microtypecontext on input line 693.
Package microtype Info: Applying patch `item' on input line 693.
Package microtype Info: Applying patch `toc' on input line 693.
Package microtype Info: Applying patch `eqnum' on input line 693.
Package microtype Info: Applying patch `footnote' on input line 693.
Package microtype Info: Applying patch `verbatim' on input line 693.
Package microtype Info: Generating PDF output.
Package microtype Info: Character protrusion enabled (level 2).
Package microtype Info: Using default protrusion set `alltext'.
Package microtype Info: Automatic font expansion enabled (level 2),
(microtype)             stretch: 20, shrink: 20, step: 1, non-selected.
Package microtype Info: Using default expansion set `alltext-nott'.
LaTeX Info: Redefining \showhyphens on input line 693.
Package microtype Info: No adjustment of tracking.
Package microtype Info: No adjustment of interword spacing.
Package microtype Info: No adjustment of character kerning.
(/usr/share/texlive/texmf-dist/tex/latex/microtype/mt-cmr.cfg
File: mt-cmr.cfg 2013/05/19 v2.2 microtype config. file: Computer Modern Roman (RS)
) (./page_de_couverture/pagedegarde.tex (/usr/share/texlive/texmf-dist/tex/latex/amsfonts/umsa.fd) (/usr/share/texlive/texmf-dist/tex/latex/microtype/mt-msa.cfg) (/usr/share/texlive/texmf-dist/tex/latex/amsfonts/umsb.fd) (/usr/share/texlive/texmf-dist/tex/latex/microtype/mt-msb.cfg)
File: images/logo/ipsagarde.png Graphic file (type png)
<use images/logo/ipsagarde.png>
Package pdftex.def Info: images/logo/ipsagarde.png  used on input line 40.
(pdftex.def)             Requested size: 94.99425pt x 69.98097pt.
File: images/logo/logo_lmfl-300x138.png Graphic file (type png)
<use images/logo/logo_lmfl-300x138.png>
Package pdftex.def Info: images/logo/logo_lmfl-300x138.png  used on input line 40.
(pdftex.def)             Requested size: 112.01837pt x 51.52841pt.
File: images/logo/logo-artsEtM-322x84.png Graphic file (type png)
<use images/logo/logo-artsEtM-322x84.png>
Package pdftex.def Info: images/logo/logo-artsEtM-322x84.png  used on input line 40.
(pdftex.def)             Requested size: 164.21935pt x 34.40005pt.

Overfull \hbox (24.4713pt too wide) in paragraph at lines 40--40
 []|[]|
 []

<images/numericalPump/Pump_sim2.png, id=114, 1357.07pt x 823.075pt>
File: images/numericalPump/Pump_sim2.png Graphic file (type png)
<use images/numericalPump/Pump_sim2.png>
Package pdftex.def Info: images/numericalPump/Pump_sim2.png  used on input line 74.
(pdftex.def)             Requested size: 445.86731pt x 270.42247pt.
[1{/var/lib/texmf/fonts/map/pdftex/updmap/pdftex.map}{/usr/share/texmf/fonts/enc/dvips/cm-super/cm-super-t1.enc}

 <./images/numericalPump/Pump_sim2.png (PNG copy)> <./images/logo/ipsagarde.png> <./images/logo/logo_lmfl-300x138.png> <./images/logo/logo-artsEtM-322x84.png>]) (./remerciement/remerciement.tex Excluding 'comment' comment.
<images/other/page_2.png, id=129, 167.62625pt x 58.2175pt>
File: images/other/page_2.png Graphic file (type png)
<use images/other/page_2.png>
Package pdftex.def Info: images/other/page_2.png  used on input line 73.
(pdftex.def)             Requested size: 31.66418pt x 10.99658pt.
)
<images/logo/logos.png, id=130, 862.22125pt x 141.52875pt>
File: images/logo/logos.png Graphic file (type png)
<use images/logo/logos.png>
Package pdftex.def Info: images/logo/logos.png  used on input line 716.
(pdftex.def)             Requested size: 113.81102pt x 18.68011pt.
File: images/logo/ipsagarde.png Graphic file (type png)
<use images/logo/ipsagarde.png>
Package pdftex.def Info: images/logo/ipsagarde.png  used on input line 716.
(pdftex.def)             Requested size: 45.52718pt x 33.53746pt.
 [2

 <./images/other/page_2.png> <./images/logo/logos.png>] (./rapport_stage.toc)
\tf@toc=\write8
\openout8 = `rapport_stage.toc'.

File: images/logo/logos.png Graphic file (type png)
<use images/logo/logos.png>
Package pdftex.def Info: images/logo/logos.png  used on input line 720.
(pdftex.def)             Requested size: 113.81102pt x 18.68011pt.
File: images/logo/ipsagarde.png Graphic file (type png)
<use images/logo/ipsagarde.png>
Package pdftex.def Info: images/logo/ipsagarde.png  used on input line 720.
(pdftex.def)             Requested size: 45.52718pt x 33.53746pt.
 [3] (./bilan_technique/bilan_technique.tex
Overfull \hbox (28.45276pt too wide) in paragraph at lines 104--118
[][]
 []


Overfull \hbox (2.43765pt too wide) in paragraph at lines 11--135
 [][] 
 []

File: images/logo/logos.png Graphic file (type png)
<use images/logo/logos.png>
Package pdftex.def Info: images/logo/logos.png  used on input line 140.
(pdftex.def)             Requested size: 113.81102pt x 18.68011pt.
File: images/logo/ipsagarde.png Graphic file (type png)
<use images/logo/ipsagarde.png>
Package pdftex.def Info: images/logo/ipsagarde.png  used on input line 140.
(pdftex.def)             Requested size: 45.52718pt x 33.53746pt.
[4]) (./introduction/intro.tex Excluding 'comment' comment.)
File: images/logo/logos.png Graphic file (type png)
<use images/logo/logos.png>
Package pdftex.def Info: images/logo/logos.png  used on input line 725.
(pdftex.def)             Requested size: 113.81102pt x 18.68011pt.
File: images/logo/ipsagarde.png Graphic file (type png)
<use images/logo/ipsagarde.png>
Package pdftex.def Info: images/logo/ipsagarde.png  used on input line 725.
(pdftex.def)             Requested size: 45.52718pt x 33.53746pt.
 [5{/usr/share/texmf/fonts/enc/dvips/cm-super/cm-super-ts1.enc}] (./chap1_pres_entreprise/chap1.tex
Chapter 1.
<images/other/LMFL_facilities.png, id=206, 1057.9525pt x 478.78876pt>
File: images/other/LMFL_facilities.png Graphic file (type png)
<use images/other/LMFL_facilities.png>
Package pdftex.def Info: images/other/LMFL_facilities.png  used on input line 14.
(pdftex.def)             Requested size: 409.71692pt x 185.41913pt.
File: images/logo/logos.png Graphic file (type png)
<use images/logo/logos.png>
Package pdftex.def Info: images/logo/logos.png  used on input line 27.
(pdftex.def)             Requested size: 113.81102pt x 18.68011pt.
File: images/logo/ipsagarde.png Graphic file (type png)
<use images/logo/ipsagarde.png>
Package pdftex.def Info: images/logo/ipsagarde.png  used on input line 27.
(pdftex.def)             Requested size: 45.52718pt x 33.53746pt.
[6

 <./images/other/LMFL_facilities.png>]
File: images/logo/logos.png Graphic file (type png)
<use images/logo/logos.png>
Package pdftex.def Info: images/logo/logos.png  used on input line 52.
(pdftex.def)             Requested size: 113.81102pt x 18.68011pt.
File: images/logo/ipsagarde.png Graphic file (type png)
<use images/logo/ipsagarde.png>
Package pdftex.def Info: images/logo/ipsagarde.png  used on input line 52.
(pdftex.def)             Requested size: 45.52718pt x 33.53746pt.
 [7]
File: images/logo/logos.png Graphic file (type png)
<use images/logo/logos.png>
Package pdftex.def Info: images/logo/logos.png  used on input line 73.
(pdftex.def)             Requested size: 113.81102pt x 18.68011pt.
File: images/logo/ipsagarde.png Graphic file (type png)
<use images/logo/ipsagarde.png>
Package pdftex.def Info: images/logo/ipsagarde.png  used on input line 73.
(pdftex.def)             Requested size: 45.52718pt x 33.53746pt.
 [8])
File: images/logo/logos.png Graphic file (type png)
<use images/logo/logos.png>
Package pdftex.def Info: images/logo/logos.png  used on input line 728.
(pdftex.def)             Requested size: 113.81102pt x 18.68011pt.
File: images/logo/ipsagarde.png Graphic file (type png)
<use images/logo/ipsagarde.png>
Package pdftex.def Info: images/logo/ipsagarde.png  used on input line 728.
(pdftex.def)             Requested size: 45.52718pt x 33.53746pt.
 [9] (./chap2_pres_stage/chap2.tex
Chapter 2.
File: images/logo/logos.png Graphic file (type png)
<use images/logo/logos.png>
Package pdftex.def Info: images/logo/logos.png  used on input line 21.
(pdftex.def)             Requested size: 113.81102pt x 18.68011pt.
File: images/logo/ipsagarde.png Graphic file (type png)
<use images/logo/ipsagarde.png>
Package pdftex.def Info: images/logo/ipsagarde.png  used on input line 21.
(pdftex.def)             Requested size: 45.52718pt x 33.53746pt.
[10

]
<images/other/pompe_centrifuge.jpg, id=281, 1539.7525pt x 1762.585pt>
File: images/other/pompe_centrifuge.jpg Graphic file (type jpg)
<use images/other/pompe_centrifuge.jpg>
Package pdftex.def Info: images/other/pompe_centrifuge.jpg  used on input line 32.
(pdftex.def)             Requested size: 150.23138pt x 171.96565pt.
<images/experimentalPump/RESEDA_benchmark_impeller_pic.png, id=282, 650.43pt x 437.635pt>
File: images/experimentalPump/RESEDA_benchmark_impeller_pic.png Graphic file (type png)
<use images/experimentalPump/RESEDA_benchmark_impeller_pic.png>
Package pdftex.def Info: images/experimentalPump/RESEDA_benchmark_impeller_pic.png  used on input line 38.
(pdftex.def)             Requested size: 277.69917pt x 186.8505pt.
<images/solidworksMesh3.png, id=288, 869.2475pt x 665.48625pt>
File: images/solidworksMesh3.png Graphic file (type png)
<use images/solidworksMesh3.png>
Package pdftex.def Info: images/solidworksMesh3.png  used on input line 57.
(pdftex.def)             Requested size: 364.19667pt x 278.83212pt.
File: images/logo/logos.png Graphic file (type png)
<use images/logo/logos.png>
Package pdftex.def Info: images/logo/logos.png  used on input line 61.
(pdftex.def)             Requested size: 113.81102pt x 18.68011pt.
File: images/logo/ipsagarde.png Graphic file (type png)
<use images/logo/ipsagarde.png>
Package pdftex.def Info: images/logo/ipsagarde.png  used on input line 61.
(pdftex.def)             Requested size: 45.52718pt x 33.53746pt.
 [11 <./images/other/pompe_centrifuge.jpg> <./images/experimentalPump/RESEDA_benchmark_impeller_pic.png>]
File: images/logo/logos.png Graphic file (type png)
<use images/logo/logos.png>
Package pdftex.def Info: images/logo/logos.png  used on input line 76.
(pdftex.def)             Requested size: 113.81102pt x 18.68011pt.
File: images/logo/ipsagarde.png Graphic file (type png)
<use images/logo/ipsagarde.png>
Package pdftex.def Info: images/logo/ipsagarde.png  used on input line 76.
(pdftex.def)             Requested size: 45.52718pt x 33.53746pt.
 [12 <./images/solidworksMesh3.png>]
<images/other/DAmap.png, id=328, 885.3075pt x 785.93625pt>
File: images/other/DAmap.png Graphic file (type png)
<use images/other/DAmap.png>
Package pdftex.def Info: images/other/DAmap.png  used on input line 88.
(pdftex.def)             Requested size: 318.66948pt x 282.90085pt.
<images/EnKF_algorithm.pdf, id=332, 562.1pt x 420.57124pt>
File: images/EnKF_algorithm.pdf Graphic file (type pdf)
<use images/EnKF_algorithm.pdf>
Package pdftex.def Info: images/EnKF_algorithm.pdf  used on input line 105.
(pdftex.def)             Requested size: 273.14923pt x 204.37468pt.
File: images/logo/logos.png Graphic file (type png)
<use images/logo/logos.png>
Package pdftex.def Info: images/logo/logos.png  used on input line 108.
(pdftex.def)             Requested size: 113.81102pt x 18.68011pt.
File: images/logo/ipsagarde.png Graphic file (type png)
<use images/logo/ipsagarde.png>
Package pdftex.def Info: images/logo/ipsagarde.png  used on input line 108.
(pdftex.def)             Requested size: 45.52718pt x 33.53746pt.
 [13 <./images/other/DAmap.png>]
File: images/logo/logos.png Graphic file (type png)
<use images/logo/logos.png>
Package pdftex.def Info: images/logo/logos.png  used on input line 138.
(pdftex.def)             Requested size: 113.81102pt x 18.68011pt.
File: images/logo/ipsagarde.png Graphic file (type png)
<use images/logo/ipsagarde.png>
Package pdftex.def Info: images/logo/ipsagarde.png  used on input line 138.
(pdftex.def)             Requested size: 45.52718pt x 33.53746pt.
 [14 <./images/EnKF_algorithm.pdf>]
File: images/logo/logos.png Graphic file (type png)
<use images/logo/logos.png>
Package pdftex.def Info: images/logo/logos.png  used on input line 162.
(pdftex.def)             Requested size: 113.81102pt x 18.68011pt.
File: images/logo/ipsagarde.png Graphic file (type png)
<use images/logo/ipsagarde.png>
Package pdftex.def Info: images/logo/ipsagarde.png  used on input line 162.
(pdftex.def)             Requested size: 45.52718pt x 33.53746pt.
 [15]
File: images/logo/logos.png Graphic file (type png)
<use images/logo/logos.png>
Package pdftex.def Info: images/logo/logos.png  used on input line 227.
(pdftex.def)             Requested size: 113.81102pt x 18.68011pt.
File: images/logo/ipsagarde.png Graphic file (type png)
<use images/logo/ipsagarde.png>
Package pdftex.def Info: images/logo/ipsagarde.png  used on input line 227.
(pdftex.def)             Requested size: 45.52718pt x 33.53746pt.
 [16] Excluding 'comment' comment.
<images/sketch-turbulent-flow-modeling-DNS-LES-RAS.png, id=413, 1027.84pt x 524.96124pt>
File: images/sketch-turbulent-flow-modeling-DNS-LES-RAS.png Graphic file (type png)
<use images/sketch-turbulent-flow-modeling-DNS-LES-RAS.png>
Package pdftex.def Info: images/sketch-turbulent-flow-modeling-DNS-LES-RAS.png  used on input line 291.
(pdftex.def)             Requested size: 159.33473pt x 81.37616pt.
<images/DNSLESRANS.png, id=414, 373.395pt x 270.00874pt>
File: images/DNSLESRANS.png Graphic file (type png)
<use images/DNSLESRANS.png>
Package pdftex.def Info: images/DNSLESRANS.png  used on input line 297.
(pdftex.def)             Requested size: 191.20169pt x 138.25882pt.
<images/turbCascade.png, id=415, 446.66875pt x 291.0875pt>
File: images/turbCascade.png Graphic file (type png)
<use images/turbCascade.png>
Package pdftex.def Info: images/turbCascade.png  used on input line 304.
(pdftex.def)             Requested size: 259.49246pt x 169.11067pt.
File: images/logo/logos.png Graphic file (type png)
<use images/logo/logos.png>
Package pdftex.def Info: images/logo/logos.png  used on input line 311.
(pdftex.def)             Requested size: 113.81102pt x 18.68011pt.
File: images/logo/ipsagarde.png Graphic file (type png)
<use images/logo/ipsagarde.png>
Package pdftex.def Info: images/logo/ipsagarde.png  used on input line 311.
(pdftex.def)             Requested size: 45.52718pt x 33.53746pt.
 [17]
<images/k-omega-sst.png, id=434, 1027.84pt x 308.15125pt>
File: images/k-omega-sst.png Graphic file (type png)
<use images/k-omega-sst.png>
Package pdftex.def Info: images/k-omega-sst.png  used on input line 321.
(pdftex.def)             Requested size: 295.90588pt x 88.71269pt.
File: images/logo/logos.png Graphic file (type png)
<use images/logo/logos.png>
Package pdftex.def Info: images/logo/logos.png  used on input line 333.
(pdftex.def)             Requested size: 113.81102pt x 18.68011pt.
File: images/logo/ipsagarde.png Graphic file (type png)
<use images/logo/ipsagarde.png>
Package pdftex.def Info: images/logo/ipsagarde.png  used on input line 333.
(pdftex.def)             Requested size: 45.52718pt x 33.53746pt.
 [18 <./images/sketch-turbulent-flow-modeling-DNS-LES-RAS.png> <./images/DNSLESRANS.png> <./images/turbCascade.png> <./images/k-omega-sst.png>]
File: images/logo/logos.png Graphic file (type png)
<use images/logo/logos.png>
Package pdftex.def Info: images/logo/logos.png  used on input line 395.
(pdftex.def)             Requested size: 113.81102pt x 18.68011pt.
File: images/logo/ipsagarde.png Graphic file (type png)
<use images/logo/ipsagarde.png>
Package pdftex.def Info: images/logo/ipsagarde.png  used on input line 395.
(pdftex.def)             Requested size: 45.52718pt x 33.53746pt.
 [19]
<images/MRF.png, id=475, 1027.84pt x 778.91pt>
File: images/MRF.png Graphic file (type png)
<use images/MRF.png>
Package pdftex.def Info: images/MRF.png  used on input line 419.
(pdftex.def)             Requested size: 282.24911pt x 213.88596pt.
File: images/logo/logos.png Graphic file (type png)
<use images/logo/logos.png>
Package pdftex.def Info: images/logo/logos.png  used on input line 451.
(pdftex.def)             Requested size: 113.81102pt x 18.68011pt.
File: images/logo/ipsagarde.png Graphic file (type png)
<use images/logo/ipsagarde.png>
Package pdftex.def Info: images/logo/ipsagarde.png  used on input line 451.
(pdftex.def)             Requested size: 45.52718pt x 33.53746pt.
 [20 <./images/MRF.png>]
<images/IBM_Mesh.pdf, id=493, 500.87125pt x 358.33875pt>
File: images/IBM_Mesh.pdf Graphic file (type pdf)
<use images/IBM_Mesh.pdf>
Package pdftex.def Info: images/IBM_Mesh.pdf  used on input line 494.
(pdftex.def)             Requested size: 204.85846pt x 146.56442pt.
File: images/logo/logos.png Graphic file (type png)
<use images/logo/logos.png>
Package pdftex.def Info: images/logo/logos.png  used on input line 513.
(pdftex.def)             Requested size: 113.81102pt x 18.68011pt.
File: images/logo/ipsagarde.png Graphic file (type png)
<use images/logo/ipsagarde.png>
Package pdftex.def Info: images/logo/ipsagarde.png  used on input line 513.
(pdftex.def)             Requested size: 45.52718pt x 33.53746pt.
 [21 <./images/IBM_Mesh.pdf>]
LaTeX Font Info:    Trying to load font information for T1+zi4 on input line 579.
 (/usr/share/texlive/texmf-dist/tex/latex/inconsolata/t1zi4.fd
File: t1zi4.fd 2018/01/14 T1/zi4 (Inconsolata)
)
LaTeX Font Info:    Font shape `T1/zi4/m/n' will be
(Font)              scaled to size 10.95pt on input line 579.
Package microtype Info: Loading generic protrusion settings for font family
(microtype)             `zi4' (encoding: T1).
(microtype)             For optimal results, create family-specific settings.
(microtype)             See the microtype manual for details.
<images/arborescence_of_2.png, id=550, 591.20876pt x 624.3325pt>
File: images/arborescence_of_2.png Graphic file (type png)
<use images/arborescence_of_2.png>
Package pdftex.def Info: images/arborescence_of_2.png  used on input line 588.
(pdftex.def)             Requested size: 295.90588pt x 312.48938pt.
File: images/logo/logos.png Graphic file (type png)
<use images/logo/logos.png>
Package pdftex.def Info: images/logo/logos.png  used on input line 592.
(pdftex.def)             Requested size: 113.81102pt x 18.68011pt.
File: images/logo/ipsagarde.png Graphic file (type png)
<use images/logo/ipsagarde.png>
Package pdftex.def Info: images/logo/ipsagarde.png  used on input line 592.
(pdftex.def)             Requested size: 45.52718pt x 33.53746pt.
 [22{/usr/share/texlive/texmf-dist/fonts/enc/dvips/inconsolata/i4-t1-0.enc}]
<images/other/OF_arbo.png, id=567, 256.96pt x 380.42125pt>
File: images/other/OF_arbo.png Graphic file (type png)
<use images/other/OF_arbo.png>
Package pdftex.def Info: images/other/OF_arbo.png  used on input line 596.
(pdftex.def)             Requested size: 150.23138pt x 222.41492pt.
File: images/logo/logos.png Graphic file (type png)
<use images/logo/logos.png>
Package pdftex.def Info: images/logo/logos.png  used on input line 606.
(pdftex.def)             Requested size: 113.81102pt x 18.68011pt.
File: images/logo/ipsagarde.png Graphic file (type png)
<use images/logo/ipsagarde.png>
Package pdftex.def Info: images/logo/ipsagarde.png  used on input line 606.
(pdftex.def)             Requested size: 45.52718pt x 33.53746pt.
 [23 <./images/arborescence_of_2.png> <./images/other/OF_arbo.png>] (/usr/share/texlive/texmf-dist/tex/latex/listings/lstlang1.sty
File: lstlang1.sty 2023/02/27 1.9 listings language file
) (/usr/share/texlive/texmf-dist/tex/latex/listings/lstlang1.sty
File: lstlang1.sty 2023/02/27 1.9 listings language file
) (/usr/share/texlive/texmf-dist/tex/latex/listings/lstmisc.sty
File: lstmisc.sty 2023/02/27 1.9 (Carsten Heinz)
)
LaTeX Font Info:    Font shape `T1/zi4/m/n' will be
(Font)              scaled to size 9.0pt on input line 626.
File: images/logo/logos.png Graphic file (type png)
<use images/logo/logos.png>
Package pdftex.def Info: images/logo/logos.png  used on input line 654.
(pdftex.def)             Requested size: 113.81102pt x 18.68011pt.
File: images/logo/ipsagarde.png Graphic file (type png)
<use images/logo/ipsagarde.png>
Package pdftex.def Info: images/logo/ipsagarde.png  used on input line 654.
(pdftex.def)             Requested size: 45.52718pt x 33.53746pt.
 [24]
<images/Bayesian_theory.pdf, id=610, 158.5925pt x 101.37875pt>
File: images/Bayesian_theory.pdf Graphic file (type pdf)
<use images/Bayesian_theory.pdf>
Package pdftex.def Info: images/Bayesian_theory.pdf  used on input line 678.
(pdftex.def)             Requested size: 150.23138pt x 96.04164pt.
File: images/logo/logos.png Graphic file (type png)
<use images/logo/logos.png>
Package pdftex.def Info: images/logo/logos.png  used on input line 735.
(pdftex.def)             Requested size: 113.81102pt x 18.68011pt.
File: images/logo/ipsagarde.png Graphic file (type png)
<use images/logo/ipsagarde.png>
Package pdftex.def Info: images/logo/ipsagarde.png  used on input line 735.
(pdftex.def)             Requested size: 45.52718pt x 33.53746pt.
 [25 <./images/Bayesian_theory.pdf>]
<images/KF_algorithm-1.png, id=632, 557.2017pt x 419.8887pt>
File: images/KF_algorithm-1.png Graphic file (type png)
<use images/KF_algorithm-1.png>
Package pdftex.def Info: images/KF_algorithm-1.png  used on input line 766.
(pdftex.def)             Requested size: 318.66948pt x 240.13992pt.
File: images/logo/logos.png Graphic file (type png)
<use images/logo/logos.png>
Package pdftex.def Info: images/logo/logos.png  used on input line 772.
(pdftex.def)             Requested size: 113.81102pt x 18.68011pt.
File: images/logo/ipsagarde.png Graphic file (type png)
<use images/logo/ipsagarde.png>
Package pdftex.def Info: images/logo/ipsagarde.png  used on input line 772.
(pdftex.def)             Requested size: 45.52718pt x 33.53746pt.
 [26 <./images/KF_algorithm-1.png>] Excluding 'comment' comment.
<images/cavity/cavity3_1ms.png, id=651, 562.1pt x 564.1075pt>
File: images/cavity/cavity3_1ms.png Graphic file (type png)
<use images/cavity/cavity3_1ms.png>
Package pdftex.def Info: images/cavity/cavity3_1ms.png  used on input line 815.
(pdftex.def)             Requested size: 136.57462pt x 137.05843pt.
<images/cavity/cavity3_3ms.png, id=652, 562.1pt x 564.1075pt>
File: images/cavity/cavity3_3ms.png Graphic file (type png)
<use images/cavity/cavity3_3ms.png>
Package pdftex.def Info: images/cavity/cavity3_3ms.png  used on input line 821.
(pdftex.def)             Requested size: 136.57462pt x 137.05843pt.
<images/cavity/cavity3_5ms.png, id=653, 562.1pt x 564.1075pt>
File: images/cavity/cavity3_5ms.png Graphic file (type png)
<use images/cavity/cavity3_5ms.png>
Package pdftex.def Info: images/cavity/cavity3_5ms.png  used on input line 827.
(pdftex.def)             Requested size: 136.57462pt x 137.05843pt.
<images/cavity/legende.png, id=654, 132.495pt x 131.49126pt>
File: images/cavity/legende.png Graphic file (type png)
<use images/cavity/legende.png>
Package pdftex.def Info: images/cavity/legende.png  used on input line 831.
(pdftex.def)             Requested size: 5.91838pt x 5.8727pt.
File: images/cavity/legende.png Graphic file (type png)
<use images/cavity/legende.png>
Package pdftex.def Info: images/cavity/legende.png  used on input line 831.
(pdftex.def)             Requested size: 5.91838pt x 5.8727pt.
File: images/logo/logos.png Graphic file (type png)
<use images/logo/logos.png>
Package pdftex.def Info: images/logo/logos.png  used on input line 844.
(pdftex.def)             Requested size: 113.81102pt x 18.68011pt.
File: images/logo/ipsagarde.png Graphic file (type png)
<use images/logo/ipsagarde.png>
Package pdftex.def Info: images/logo/ipsagarde.png  used on input line 844.
(pdftex.def)             Requested size: 45.52718pt x 33.53746pt.
 [27 <./images/cavity/cavity3_1ms.png> <./images/cavity/cavity3_3ms.png> <./images/cavity/cavity3_5ms.png> <./images/cavity/legende.png>]
Package hyperref Info: bookmark level for unknown algorithm defaults to 0 on input line 880.
 Excluding 'comment' comment.
File: images/logo/logos.png Graphic file (type png)
<use images/logo/logos.png>
Package pdftex.def Info: images/logo/logos.png  used on input line 959.
(pdftex.def)             Requested size: 113.81102pt x 18.68011pt.
File: images/logo/ipsagarde.png Graphic file (type png)
<use images/logo/ipsagarde.png>
Package pdftex.def Info: images/logo/ipsagarde.png  used on input line 959.
(pdftex.def)             Requested size: 45.52718pt x 33.53746pt.
 [28]

pdfTeX warning: pdflatex (file ./images/EnKF_ConesWithouCWIPI.pdf): PDF inclusion: found PDF version <1.7>, but at most version <1.5> allowed
<images/EnKF_ConesWithouCWIPI.pdf, id=683, 554.0605pt x 319.183pt>
File: images/EnKF_ConesWithouCWIPI.pdf Graphic file (type pdf)
<use images/EnKF_ConesWithouCWIPI.pdf>
Package pdftex.def Info: images/EnKF_ConesWithouCWIPI.pdf  used on input line 982.
(pdftex.def)             Requested size: 455.24411pt x 262.26749pt.
<images/model/RESEDA_sketch.pdf, id=685, 478.78876pt x 255.95625pt>
File: images/model/RESEDA_sketch.pdf Graphic file (type pdf)
<use images/model/RESEDA_sketch.pdf>
Package pdftex.def Info: images/model/RESEDA_sketch.pdf  used on input line 1000.
(pdftex.def)             Requested size: 455.24411pt x 243.37186pt.
File: images/logo/logos.png Graphic file (type png)
<use images/logo/logos.png>
Package pdftex.def Info: images/logo/logos.png  used on input line 1004.
(pdftex.def)             Requested size: 113.81102pt x 18.68011pt.
File: images/logo/ipsagarde.png Graphic file (type png)
<use images/logo/ipsagarde.png>
Package pdftex.def Info: images/logo/ipsagarde.png  used on input line 1004.
(pdftex.def)             Requested size: 45.52718pt x 33.53746pt.
[29 <./images/EnKF_ConesWithouCWIPI.pdf>]
<images/numericalPump/frontalView.pdf, id=822, 927.04596pt x 561.86009pt>
File: images/numericalPump/frontalView.pdf Graphic file (type pdf)
<use images/numericalPump/frontalView.pdf>
Package pdftex.def Info: images/numericalPump/frontalView.pdf  used on input line 1028.
(pdftex.def)             Requested size: 227.62206pt x 137.9527pt.
File: images/logo/logos.png Graphic file (type png)
<use images/logo/logos.png>
Package pdftex.def Info: images/logo/logos.png  used on input line 1036.
(pdftex.def)             Requested size: 113.81102pt x 18.68011pt.
File: images/logo/ipsagarde.png Graphic file (type png)
<use images/logo/ipsagarde.png>
Package pdftex.def Info: images/logo/ipsagarde.png  used on input line 1036.
(pdftex.def)             Requested size: 45.52718pt x 33.53746pt.
 [30 <./images/model/RESEDA_sketch.pdf> <./images/numericalPump/frontalView.pdf

pdfTeX warning: pdflatex (file ./images/numericalPump/frontalView.pdf): PDF inclusion: multiple pdfs with page group included in a single page
>]
File: images/logo/logos.png Graphic file (type png)
<use images/logo/logos.png>
Package pdftex.def Info: images/logo/logos.png  used on input line 1036.
(pdftex.def)             Requested size: 113.81102pt x 18.68011pt.
File: images/logo/ipsagarde.png Graphic file (type png)
<use images/logo/ipsagarde.png>
Package pdftex.def Info: images/logo/ipsagarde.png  used on input line 1036.
(pdftex.def)             Requested size: 45.52718pt x 33.53746pt.
 [31]
<images/coordsSeventh.png, id=1001, 433.62pt x 433.62pt>
File: images/coordsSeventh.png Graphic file (type png)
<use images/coordsSeventh.png>
Package pdftex.def Info: images/coordsSeventh.png  used on input line 1047.
(pdftex.def)             Requested size: 227.62206pt x 227.62082pt.
<images/numVSxp.pdf, id=1003, 1300.86pt x 433.62pt>
File: images/numVSxp.pdf Graphic file (type pdf)
<use images/numVSxp.pdf>
Package pdftex.def Info: images/numVSxp.pdf  used on input line 1057.
(pdftex.def)             Requested size: 455.24411pt x 151.74942pt.
<images/numericalPump/diffuseurMesh.png, id=1004, 771.88374pt x 549.05125pt>
File: images/numericalPump/diffuseurMesh.png Graphic file (type png)
<use images/numericalPump/diffuseurMesh.png>
Package pdftex.def Info: images/numericalPump/diffuseurMesh.png  used on input line 1068.
(pdftex.def)             Requested size: 182.09486pt x 129.52135pt.
File: images/logo/logos.png Graphic file (type png)
<use images/logo/logos.png>
Package pdftex.def Info: images/logo/logos.png  used on input line 1072.
(pdftex.def)             Requested size: 113.81102pt x 18.68011pt.
File: images/logo/ipsagarde.png Graphic file (type png)
<use images/logo/ipsagarde.png>
Package pdftex.def Info: images/logo/ipsagarde.png  used on input line 1072.
(pdftex.def)             Requested size: 45.52718pt x 33.53746pt.
 [32 <./images/coordsSeventh.png> <./images/numVSxp.pdf>]
<images/experimentalPump/diffuser.png, id=1046, 660.66824pt x 462.528pt>
File: images/experimentalPump/diffuser.png Graphic file (type png)
<use images/experimentalPump/diffuser.png>
Package pdftex.def Info: images/experimentalPump/diffuser.png  used on input line 1081.
(pdftex.def)             Requested size: 213.96529pt x 149.79755pt.
<images/experimentalPump/pressure_taps.png, id=1047, 231.86626pt x 170.6375pt>
File: images/experimentalPump/pressure_taps.png Graphic file (type png)
<use images/experimentalPump/pressure_taps.png>
Package pdftex.def Info: images/experimentalPump/pressure_taps.png  used on input line 1087.
(pdftex.def)             Requested size: 209.41534pt x 154.1191pt.
<images/PIV_measurements_sketch.pdf, id=1048, 461.725pt x 181.67876pt>
File: images/PIV_measurements_sketch.pdf Graphic file (type pdf)
<use images/PIV_measurements_sketch.pdf>
Package pdftex.def Info: images/PIV_measurements_sketch.pdf  used on input line 1121.
(pdftex.def)             Requested size: 273.14923pt x 107.47783pt.
File: images/logo/logos.png Graphic file (type png)
<use images/logo/logos.png>
Package pdftex.def Info: images/logo/logos.png  used on input line 1125.
(pdftex.def)             Requested size: 113.81102pt x 18.68011pt.
File: images/logo/ipsagarde.png Graphic file (type png)
<use images/logo/ipsagarde.png>
Package pdftex.def Info: images/logo/ipsagarde.png  used on input line 1125.
(pdftex.def)             Requested size: 45.52718pt x 33.53746pt.
 [33 <./images/numericalPump/diffuseurMesh.png> <./images/experimentalPump/diffuser.png> <./images/experimentalPump/pressure_taps.png>]
<images/polar_slice_avg_theta_trimmed.pdf, id=1063, 666.49pt x 649.42625pt>
File: images/polar_slice_avg_theta_trimmed.pdf Graphic file (type pdf)
<use images/polar_slice_avg_theta_trimmed.pdf>
Package pdftex.def Info: images/polar_slice_avg_theta_trimmed.pdf  used on input line 1128.
(pdftex.def)             Requested size: 227.62206pt x 221.79294pt.
<images/experimentalPump/perfo2.png, id=1065, 754.82pt x 522.95375pt>
File: images/experimentalPump/perfo2.png Graphic file (type png)
<use images/experimentalPump/perfo2.png>
Package pdftex.def Info: images/experimentalPump/perfo2.png  used on input line 1154.
(pdftex.def)             Requested size: 295.90588pt x 205.00444pt.
File: images/logo/logos.png Graphic file (type png)
<use images/logo/logos.png>
Package pdftex.def Info: images/logo/logos.png  used on input line 1158.
(pdftex.def)             Requested size: 113.81102pt x 18.68011pt.
File: images/logo/ipsagarde.png Graphic file (type png)
<use images/logo/ipsagarde.png>
Package pdftex.def Info: images/logo/ipsagarde.png  used on input line 1158.
(pdftex.def)             Requested size: 45.52718pt x 33.53746pt.
 [34 <./images/PIV_measurements_sketch.pdf> <./images/polar_slice_avg_theta_trimmed.pdf

pdfTeX warning: pdflatex (file ./images/polar_slice_avg_theta_trimmed.pdf): PDF inclusion: multiple pdfs with page group included in a single page
>]
PGFPlots: reading {autre/points_piv_tikz.txt}
File: images/logo/logos.png Graphic file (type png)
<use images/logo/logos.png>
Package pdftex.def Info: images/logo/logos.png  used on input line 1222.
(pdftex.def)             Requested size: 113.81102pt x 18.68011pt.
File: images/logo/ipsagarde.png Graphic file (type png)
<use images/logo/ipsagarde.png>
Package pdftex.def Info: images/logo/ipsagarde.png  used on input line 1222.
(pdftex.def)             Requested size: 45.52718pt x 33.53746pt.
 [35 <./images/experimentalPump/perfo2.png>]
File: images/logo/logos.png Graphic file (type png)
<use images/logo/logos.png>
Package pdftex.def Info: images/logo/logos.png  used on input line 1272.
(pdftex.def)             Requested size: 113.81102pt x 18.68011pt.
File: images/logo/ipsagarde.png Graphic file (type png)
<use images/logo/ipsagarde.png>
Package pdftex.def Info: images/logo/ipsagarde.png  used on input line 1272.
(pdftex.def)             Requested size: 45.52718pt x 33.53746pt.
 [36]
File: images/logo/logos.png Graphic file (type png)
<use images/logo/logos.png>
Package pdftex.def Info: images/logo/logos.png  used on input line 1322.
(pdftex.def)             Requested size: 113.81102pt x 18.68011pt.
File: images/logo/ipsagarde.png Graphic file (type png)
<use images/logo/ipsagarde.png>
Package pdftex.def Info: images/logo/ipsagarde.png  used on input line 1322.
(pdftex.def)             Requested size: 45.52718pt x 33.53746pt.
 [37]
<images/numericalPump/coords.png, id=62289, 578.16pt x 578.16pt>
File: images/numericalPump/coords.png Graphic file (type png)
<use images/numericalPump/coords.png>
Package pdftex.def Info: images/numericalPump/coords.png  used on input line 1357.
(pdftex.def)             Requested size: 364.19667pt x 364.18979pt.
File: images/logo/logos.png Graphic file (type png)
<use images/logo/logos.png>
Package pdftex.def Info: images/logo/logos.png  used on input line 1361.
(pdftex.def)             Requested size: 113.81102pt x 18.68011pt.
File: images/logo/ipsagarde.png Graphic file (type png)
<use images/logo/ipsagarde.png>
Package pdftex.def Info: images/logo/ipsagarde.png  used on input line 1361.
(pdftex.def)             Requested size: 45.52718pt x 33.53746pt.
 [38]
File: images/logo/logos.png Graphic file (type png)
<use images/logo/logos.png>
Package pdftex.def Info: images/logo/logos.png  used on input line 1388.
(pdftex.def)             Requested size: 113.81102pt x 18.68011pt.
File: images/logo/ipsagarde.png Graphic file (type png)
<use images/logo/ipsagarde.png>
Package pdftex.def Info: images/logo/ipsagarde.png  used on input line 1388.
(pdftex.def)             Requested size: 45.52718pt x 33.53746pt.
 [39 <./images/numericalPump/coords.png>]
<images/numericalPump/assymetrie.png, id=62310, 640.3925pt x 624.3325pt>
File: images/numericalPump/assymetrie.png Graphic file (type png)
<use images/numericalPump/assymetrie.png>
Package pdftex.def Info: images/numericalPump/assymetrie.png  used on input line 1422.
(pdftex.def)             Requested size: 227.62206pt x 221.91109pt.
File: images/logo/logos.png Graphic file (type png)
<use images/logo/logos.png>
Package pdftex.def Info: images/logo/logos.png  used on input line 1426.
(pdftex.def)             Requested size: 113.81102pt x 18.68011pt.
File: images/logo/ipsagarde.png Graphic file (type png)
<use images/logo/ipsagarde.png>
Package pdftex.def Info: images/logo/ipsagarde.png  used on input line 1426.
(pdftex.def)             Requested size: 45.52718pt x 33.53746pt.
 [40]
<images/UpdtC14_10NMRSE.png, id=62319, 1204.5pt x 566.115pt>
File: images/UpdtC14_10NMRSE.png Graphic file (type png)
<use images/UpdtC14_10NMRSE.png>
Package pdftex.def Info: images/UpdtC14_10NMRSE.png  used on input line 1431.
(pdftex.def)             Requested size: 227.62206pt x 106.97557pt.
<images/numericalPump/radialExpension.png, id=62320, 621.32124pt x 569.12625pt>
File: images/numericalPump/radialExpension.png Graphic file (type png)
<use images/numericalPump/radialExpension.png>
Package pdftex.def Info: images/numericalPump/radialExpension.png  used on input line 1446.
(pdftex.def)             Requested size: 227.62206pt x 208.4979pt.
<images/numericalPump/LIC.png, id=62321, 1060.96375pt x 526.96875pt>
File: images/numericalPump/LIC.png Graphic file (type png)
<use images/numericalPump/LIC.png>
Package pdftex.def Info: images/numericalPump/LIC.png  used on input line 1456.
(pdftex.def)             Requested size: 227.62206pt x 113.05484pt.
File: images/logo/logos.png Graphic file (type png)
<use images/logo/logos.png>
Package pdftex.def Info: images/logo/logos.png  used on input line 1459.
(pdftex.def)             Requested size: 113.81102pt x 18.68011pt.
File: images/logo/ipsagarde.png Graphic file (type png)
<use images/logo/ipsagarde.png>
Package pdftex.def Info: images/logo/ipsagarde.png  used on input line 1459.
(pdftex.def)             Requested size: 45.52718pt x 33.53746pt.
 [41 <./images/numericalPump/assymetrie.png> <./images/UpdtC14_10NMRSE.png> <./images/numericalPump/radialExpension.png>]
<images/coords360.png, id=62337, 433.62pt x 433.62pt>
File: images/coords360.png Graphic file (type png)
<use images/coords360.png>
Package pdftex.def Info: images/coords360.png  used on input line 1494.
(pdftex.def)             Requested size: 182.09486pt x 182.09268pt.
File: images/logo/logos.png Graphic file (type png)
<use images/logo/logos.png>
Package pdftex.def Info: images/logo/logos.png  used on input line 1498.
(pdftex.def)             Requested size: 113.81102pt x 18.68011pt.
File: images/logo/ipsagarde.png Graphic file (type png)
<use images/logo/ipsagarde.png>
Package pdftex.def Info: images/logo/ipsagarde.png  used on input line 1498.
(pdftex.def)             Requested size: 45.52718pt x 33.53746pt.
 [42 <./images/numericalPump/LIC.png>])
File: images/logo/logos.png Graphic file (type png)
<use images/logo/logos.png>
Package pdftex.def Info: images/logo/logos.png  used on input line 733.
(pdftex.def)             Requested size: 113.81102pt x 18.68011pt.
File: images/logo/ipsagarde.png Graphic file (type png)
<use images/logo/ipsagarde.png>
Package pdftex.def Info: images/logo/ipsagarde.png  used on input line 733.
(pdftex.def)             Requested size: 45.52718pt x 33.53746pt.
 [43 <./images/coords360.png>] (./conclusion/conclusion.tex Excluding 'comment' comment.)
File: images/logo/logos.png Graphic file (type png)
<use images/logo/logos.png>
Package pdftex.def Info: images/logo/logos.png  used on input line 736.
(pdftex.def)             Requested size: 113.81102pt x 18.68011pt.
File: images/logo/ipsagarde.png Graphic file (type png)
<use images/logo/ipsagarde.png>
Package pdftex.def Info: images/logo/ipsagarde.png  used on input line 736.
(pdftex.def)             Requested size: 45.52718pt x 33.53746pt.
 [44

] (./rapport_stage.lof
File: images/cavity/legende.png Graphic file (type png)
<use images/cavity/legende.png>
Package pdftex.def Info: images/cavity/legende.png  used on input line 18.
(pdftex.def)             Requested size: 5.91838pt x 5.8727pt.
)
\tf@lof=\write9
\openout9 = `rapport_stage.lof'.

File: images/logo/logos.png Graphic file (type png)
<use images/logo/logos.png>
Package pdftex.def Info: images/logo/logos.png  used on input line 741.
(pdftex.def)             Requested size: 113.81102pt x 18.68011pt.
File: images/logo/ipsagarde.png Graphic file (type png)
<use images/logo/ipsagarde.png>
Package pdftex.def Info: images/logo/ipsagarde.png  used on input line 741.
(pdftex.def)             Requested size: 45.52718pt x 33.53746pt.
 [45]
File: images/logo/logos.png Graphic file (type png)
<use images/logo/logos.png>
Package pdftex.def Info: images/logo/logos.png  used on input line 750.
(pdftex.def)             Requested size: 113.81102pt x 18.68011pt.
File: images/logo/ipsagarde.png Graphic file (type png)
<use images/logo/ipsagarde.png>
Package pdftex.def Info: images/logo/ipsagarde.png  used on input line 750.
(pdftex.def)             Requested size: 45.52718pt x 33.53746pt.
 [46

] (./annexes/annexes.tex
File: images/logo/logos.png Graphic file (type png)
<use images/logo/logos.png>
Package pdftex.def Info: images/logo/logos.png  used on input line 49.
(pdftex.def)             Requested size: 113.81102pt x 18.68011pt.
File: images/logo/ipsagarde.png Graphic file (type png)
<use images/logo/ipsagarde.png>
Package pdftex.def Info: images/logo/ipsagarde.png  used on input line 49.
(pdftex.def)             Requested size: 45.52718pt x 33.53746pt.
 [47] Excluding 'comment' comment.)
File: images/logo/logos.png Graphic file (type png)
<use images/logo/logos.png>
Package pdftex.def Info: images/logo/logos.png  used on input line 755.
(pdftex.def)             Requested size: 113.81102pt x 18.68011pt.
File: images/logo/ipsagarde.png Graphic file (type png)
<use images/logo/ipsagarde.png>
Package pdftex.def Info: images/logo/ipsagarde.png  used on input line 755.
(pdftex.def)             Requested size: 45.52718pt x 33.53746pt.
 [48]
File: images/logo/logos.png Graphic file (type png)
<use images/logo/logos.png>
Package pdftex.def Info: images/logo/logos.png  used on input line 758.
(pdftex.def)             Requested size: 113.81102pt x 18.68011pt.
File: images/logo/ipsagarde.png Graphic file (type png)
<use images/logo/ipsagarde.png>
Package pdftex.def Info: images/logo/ipsagarde.png  used on input line 758.
(pdftex.def)             Requested size: 45.52718pt x 33.53746pt.
 [49

]
File: images/logo/logos.png Graphic file (type png)
<use images/logo/logos.png>
Package pdftex.def Info: images/logo/logos.png  used on input line 760.
(pdftex.def)             Requested size: 113.81102pt x 18.68011pt.
File: images/logo/ipsagarde.png Graphic file (type png)
<use images/logo/ipsagarde.png>
Package pdftex.def Info: images/logo/ipsagarde.png  used on input line 760.
(pdftex.def)             Requested size: 45.52718pt x 33.53746pt.
 [50]
File: images/logo/logos.png Graphic file (type png)
<use images/logo/logos.png>
Package pdftex.def Info: images/logo/logos.png  used on input line 762.
(pdftex.def)             Requested size: 113.81102pt x 18.68011pt.
File: images/logo/ipsagarde.png Graphic file (type png)
<use images/logo/ipsagarde.png>
Package pdftex.def Info: images/logo/ipsagarde.png  used on input line 762.
(pdftex.def)             Requested size: 45.52718pt x 33.53746pt.
 [51

] (./quatre_couv/quatre_couv.tex
File: images/logo/logos.png Graphic file (type png)
<use images/logo/logos.png>
Package pdftex.def Info: images/logo/logos.png  used on input line 1.
(pdftex.def)             Requested size: 113.81102pt x 18.68011pt.
File: images/logo/ipsagarde.png Graphic file (type png)
<use images/logo/ipsagarde.png>
Package pdftex.def Info: images/logo/ipsagarde.png  used on input line 1.
(pdftex.def)             Requested size: 45.52718pt x 33.53746pt.
 [52] Excluding 'comment' comment. Excluding 'comment' comment. Excluding 'comment' comment.)
File: images/logo/logos.png Graphic file (type png)
<use images/logo/logos.png>
Package pdftex.def Info: images/logo/logos.png  used on input line 769.
(pdftex.def)             Requested size: 113.81102pt x 18.68011pt.
File: images/logo/ipsagarde.png Graphic file (type png)
<use images/logo/ipsagarde.png>
Package pdftex.def Info: images/logo/ipsagarde.png  used on input line 769.
(pdftex.def)             Requested size: 45.52718pt x 33.53746pt.
 [53

] (./rapport_stage.aux)
 ***********
LaTeX2e <2023-11-01> patch level 1
L3 programming layer <2024-01-22>
 ***********
Package rerunfilecheck Info: File `rapport_stage.out' has not changed.
(rerunfilecheck)             Checksum: E90CAF4AB36402A4A5234A4D1D0876EC;4657.
Package logreq Info: Writing requests to 'rapport_stage.run.xml'.
\openout1 = `rapport_stage.run.xml'.

 ) 
Here is how much of TeX's memory you used:
 78496 strings out of 474222
 1956522 string characters out of 5748734
 2820315 words of memory out of 5000000
 99256 multiletter control sequences out of 15000+600000
 617212 words of font info for 312 fonts, out of 8000000 for 9000
 1141 hyphenation exceptions out of 8191
 125i,19n,137p,1631b,3120s stack positions out of 10000i,1000n,20000p,200000b,200000s
</usr/share/texlive/texmf-dist/fonts/type1/public/inconsolata/Inconsolata-zi4r.pfb></usr/share/texlive/texmf-dist/fonts/type1/public/amsfonts/cm/cmbsy10.pfb></usr/share/texlive/texmf-dist/fonts/type1/public/amsfonts/cm/cmbx10.pfb></usr/share/texlive/texmf-dist/fonts/type1/public/amsfonts/cm/cmex10.pfb></usr/share/texlive/texmf-dist/fonts/type1/public/amsfonts/cm/cmmi10.pfb></usr/share/texlive/texmf-dist/fonts/type1/public/amsfonts/cm/cmmi12.pfb></usr/share/texlive/texmf-dist/fonts/type1/public/amsfonts/cm/cmmi6.pfb></usr/share/texlive/texmf-dist/fonts/type1/public/amsfonts/cm/cmmi8.pfb></usr/share/texlive/texmf-dist/fonts/type1/public/amsfonts/cm/cmmib10.pfb></usr/share/texlive/texmf-dist/fonts/type1/public/amsfonts/cmextra/cmmib8.pfb></usr/share/texlive/texmf-dist/fonts/type1/public/amsfonts/cm/cmr10.pfb></usr/share/texlive/texmf-dist/fonts/type1/public/amsfonts/cm/cmr17.pfb></usr/share/texlive/texmf-dist/fonts/type1/public/amsfonts/cm/cmr6.pfb></usr/share/texlive/texmf-dist/fonts/type1/public/amsfonts/cm/cmr8.pfb></usr/share/texlive/texmf-dist/fonts/type1/public/amsfonts/cm/cmsy10.pfb></usr/share/texlive/texmf-dist/fonts/type1/public/amsfonts/cm/cmsy6.pfb></usr/share/texlive/texmf-dist/fonts/type1/public/amsfonts/cm/cmsy8.pfb></usr/share/texlive/texmf-dist/fonts/type1/public/amsfonts/latxfont/line10.pfb></usr/share/texlive/texmf-dist/fonts/type1/public/amsfonts/symbols/msbm10.pfb></usr/share/texmf/fonts/type1/public/cm-super/sfbx1095.pfb></usr/share/texmf/fonts/type1/public/cm-super/sfbx1200.pfb></usr/share/texmf/fonts/type1/public/cm-super/sfbx1440.pfb></usr/share/texmf/fonts/type1/public/cm-super/sfbx1728.pfb></usr/share/texmf/fonts/type1/public/cm-super/sfbx2074.pfb></usr/share/texmf/fonts/type1/public/cm-super/sfbx2488.pfb></usr/share/texmf/fonts/type1/public/cm-super/sfcc1095.pfb></usr/share/texmf/fonts/type1/public/cm-super/sfrm0600.pfb></usr/share/texmf/fonts/type1/public/cm-super/sfrm0800.pfb></usr/share/texmf/fonts/type1/public/cm-super/sfrm0900.pfb></usr/share/texmf/fonts/type1/public/cm-super/sfrm1000.pfb></usr/share/texmf/fonts/type1/public/cm-super/sfrm1095.pfb></usr/share/texmf/fonts/type1/public/cm-super/sfrm2074.pfb></usr/share/texmf/fonts/type1/public/cm-super/sfti1095.pfb>
Output written on rapport_stage.pdf (53 pages, 16922067 bytes).
PDF statistics:
 62706 PDF objects out of 66169 (max. 8388607)
 41593 compressed objects within 416 object streams
 230 named destinations out of 1000 (max. 500000)
 67626 words of extra memory for PDF output out of 74296 (max. 10000000)

